,bacteria,rel_pvalue,abs_pvalue,dist
324,s__Ruminococcus_torques_CAG_61,1.0,1.0,0.0
145,s__Collinsella_intestinalis,1.0,1.0,0.0
179,s__Erysipelatoclostridium_ramosum,1.0,1.0,0.0
374,s__[Clostridium]_leptum,1.0,0.9982,0.0018
69,s__Bacteroides_uniformis,1.0,0.9982,0.0018
139,s__Clostridium_sp._HGF2,0.995,1.0,0.005
106,s__Butyrivibrio_crossotus,1.0,0.9949,0.0051
236,s__Lachnoanaerobaculum_sp._OBRC5-5,1.0,0.9912,0.0088
218,s__Haemophilus_parainfluenzae,0.9878,1.0,0.0122
21,s__Alistipes_finegoldii,1.0,0.9844,0.0156
183,s__Erysipelotrichaceae_bacterium_I46,0.9827,1.0,0.0173
360,s__Turicibacter_sp._H121,1.0,0.9814,0.0186
39,s__Azospirillum_sp._CAG_260,1.0,0.9785,0.0215
233,s__Kluyvera_cryocrescens,1.0,0.9778,0.0222
218,s__Haemophilus_parainfluenzae,1.0,0.9718,0.0282
155,s__Coprococcus_sp._HPP0048,1.0,0.9708,0.0292
300,s__Prevotellamassilia_timonensis,1.0,0.9629,0.0371
259,s__Megasphaera_genomosp._type_1,1.0,0.9604,0.0396
145,s__Collinsella_intestinalis,1.0,0.9571,0.0429
90,s__Bittarella_massiliensis,0.952,1.0,0.048
345,s__Streptococcus_oralis,1.0,0.952,0.048
224,s__Hungatella_hathewayi,0.9482,1.0,0.0518
185,s__Escherichia_vulneris,1.0,0.9479,0.0521
238,s__Lachnospiraceae_bacterium_28-4,1.0,0.9428,0.0572
78,s__Bifidobacterium_biavatii,0.9318,1.0,0.0682
70,s__Bacteroides_vulgatus,1.0,0.9315,0.0685
5,s__Actinomyces_graevenitzii,0.93,1.0,0.07
365,s__Yokenella_regensburgei,1.0,0.9208,0.0792
13,s__Akkermansia_muciniphila_CAG_154,0.9202,1.0,0.0798
200,s__Faecalitalea_cylindroides,1.0,0.9189,0.0811
239,s__Lachnospiraceae_bacterium_2_1_46FAA,1.0,0.9183,0.0817
120,s__Clostridiales_bacterium_1_7_47FAA,1.0,0.916,0.084
205,s__Firmicutes_bacterium_CAG_24,0.9155,1.0,0.0845
344,s__Streptococcus_mutans,1.0,0.915,0.085
270,s__Oscillibacter_sp._ER4,0.9048,1.0,0.0952
22,s__Alistipes_ihumii,1.0,0.8986,0.1014
261,s__Merdibacter_massiliensis,0.8936,1.0,0.1064
137,s__Clostridium_sp._CAG_91,1.0,0.8894,0.1106
19,s__Akkermansia_sp._Phil8,0.8874,1.0,0.1126
221,s__Holdemania_filiformis,0.8864,1.0,0.1136
120,s__Clostridiales_bacterium_1_7_47FAA,0.8854,1.0,0.1146
289,s__Prevotella_amnii,1.0,0.8836,0.1164
122,s__Clostridioides_difficile,0.8812,1.0,0.1188
349,s__Streptococcus_salivarius,1.0,0.8789,0.1211
332,s__Shimwellia_blattae,0.8783,1.0,0.1217
170,s__Eggerthella_lenta,1.0,0.8777,0.1223
282,s__Parvimonas_micra,1.0,0.8762,0.1238
307,s__Roseburia_faecis,0.8704,1.0,0.1296
143,s__Clostridium_sp._SY8519,0.8687,1.0,0.1313
12,s__Akkermansia_muciniphila,0.8686,1.0,0.1314
330,s__Shigella_dysenteriae,1.0,0.8667,0.1333
364,s__Yersinia_pestis,1.0,0.8658,0.1342
340,s__Streptococcus_gordonii,0.8633,1.0,0.1367
219,s__Hespellia_stercorisuis,1.0,0.8616,0.1384
126,s__Clostridium_leptum_CAG_27,1.0,0.8562,0.1438
274,s__Parabacteroides_goldsteinii,1.0,0.854,0.146
24,s__Alistipes_obesi,0.8527,1.0,0.1473
334,s__Solobacterium_moorei,0.8501,1.0,0.1499
278,s__Paraprevotella_clara_CAG_116,1.0,0.8474,0.1526
6,s__Actinomyces_johnsonii,1.0,0.8446,0.1554
197,s__Faecalibacterium_prausnitzii,0.8431,1.0,0.1569
165,s__Dorea_longicatena,1.0,0.8394,0.1606
324,s__Ruminococcus_torques_CAG_61,1.0,0.8389,0.1611
192,s__Eubacterium_sp._CAG_146,0.8372,1.0,0.1628
238,s__Lachnospiraceae_bacterium_28-4,0.8366,1.0,0.1634
187,s__Eubacterium_limosum,1.0,0.8343,0.1657
209,s__Firmicutes_bacterium_CAG_41,1.0,0.834,0.166
215,s__Fournierella_massiliensis,1.0,0.8305,0.1695
359,s__Turicibacter_sanguinis,1.0,0.8303,0.1697
67,s__Bacteroides_thetaiotaomicron,1.0,0.8256,0.1744
373,s__[Clostridium]_lactatifermentans,1.0,0.8126,0.1874
212,s__Firmicutes_bacterium_CAG_83,1.0,0.8078,0.1922
14,s__Akkermansia_sp._54_46,0.8035,1.0,0.1965
305,s__Riemerella_columbina,1.0,0.8019,0.1981
298,s__Prevotella_stercorea,0.7976,1.0,0.2024
189,s__Eubacterium_sp._14-2,0.796,1.0,0.204
1,s__Acidaminococcus_fermentans,0.793,1.0,0.207
257,s__Massilioclostridium_coli,1.0,0.7873,0.2127
265,s__Neglecta_timonensis,1.0,0.7809,0.2191
172,s__Eisenbergiella_tayi,0.7771,1.0,0.2229
290,s__Prevotella_baroniae,1.0,0.7735,0.2265
107,s__Butyrivibrio_crossotus_CAG_259,1.0,0.7725,0.2275
243,s__Lachnospiraceae_bacterium_NLAE-zl-G231,0.772,1.0,0.228
156,s__Criibacterium_bergeronii,0.7697,1.0,0.2303
348,s__Streptococcus_pyogenes,1.0,0.7685,0.2315
149,s__Coprobacillus_sp._D6,0.7661,1.0,0.2339
203,s__Firmicutes_bacterium_CAG_145,1.0,0.7628,0.2372
195,s__Eubacterium_sp._ER2,0.7532,1.0,0.2468
51,s__Bacteroides_finegoldii_CAG_203,1.0,0.7482,0.2518
194,s__Eubacterium_sp._CAG_251,0.7442,1.0,0.2558
101,s__Butyricicoccus_desmolans,0.742,1.0,0.258
361,s__Tyzzerella_nexilis,1.0,0.732,0.268
291,s__Prevotella_bivia,0.7304,1.0,0.2696
310,s__Roseburia_inulinivorans,1.0,0.7297,0.2703
78,s__Bifidobacterium_biavatii,1.0,0.7289,0.2711
307,s__Roseburia_faecis,1.0,0.7287,0.2713
32,s__Anaerostipes_caccae,1.0,0.7281,0.2719
338,s__Streptococcus_cristatus,1.0,0.7182,0.2818
227,s__Intestinimonas_massiliensis,1.0,0.7087,0.2913
262,s__Methanobrevibacter_smithii,1.0,0.7056,0.2944
29,s__Alistipes_timonensis,0.7052,1.0,0.2948
228,s__Johnsonella_ignava,1.0,0.7046,0.2954
263,s__Methanobrevibacter_smithii_CAG_186,1.0,0.6979,0.3021
327,s__Sanguibacteroides_justesenii,1.0,0.6925,0.3075
211,s__Firmicutes_bacterium_CAG_65,0.6925,1.0,0.3075
89,s__Bilophila_wadsworthia,0.691,1.0,0.309
0,s__Acetivibrio_ethanolgignens,0.6895,1.0,0.3105
376,s__[Clostridium]_saccharogumia,1.0,0.6865,0.3135
211,s__Firmicutes_bacterium_CAG_65,1.0,0.6856,0.3144
77,s__Bifidobacterium_angulatum,1.0,0.6841,0.3159
385,s__[Eubacterium]_hallii,0.6805,1.0,0.3195
83,s__Bifidobacterium_gallinarum,0.6801,1.0,0.3199
175,s__Enterobacter_lignolyticus,0.6769,1.0,0.3231
252,s__Lactonifactor_longoviformis,0.672,1.0,0.328
267,s__Odoribacter_splanchnicus,1.0,0.6565,0.3435
216,s__Fusicatenibacter_saccharivorans,1.0,0.6557,0.3443
127,s__Clostridium_nexile_CAG_348,0.6505,1.0,0.3495
142,s__Clostridium_sp._M62/1,0.6473,1.0,0.3527
249,s__Lactobacillus_rhamnosus,1.0,0.6456,0.3544
98,s__Blautia_sp._CAG_37,1.0,0.6451,0.3549
20,s__Akkermansia_sp._UNK.MGS-1,0.644,1.0,0.356
232,s__Kluyvera_ascorbata,1.0,0.6414,0.3586
241,s__Lachnospiraceae_bacterium_A2,1.0,0.6362,0.3638
230,s__Klebsiella_pneumoniae,1.0,0.6343,0.3657
313,s__Ruminococcaceae_bacterium_D16,1.0,0.6341,0.3659
231,s__Klebsiella_sp._RIT-PI-d,0.6326,1.0,0.3674
8,s__Actinomyces_oris,1.0,0.6323,0.3677
242,s__Lachnospiraceae_bacterium_M18-1,0.6307,1.0,0.3693
312,s__Rothia_mucilaginosa,1.0,0.6256,0.3744
32,s__Anaerostipes_caccae,0.6196,1.0,0.3804
94,s__Blautia_obeum,1.0,0.6181,0.3819
315,s__Ruminococcus_callidus,1.0,0.6179,0.3821
102,s__Butyricicoccus_pullicaecorum,1.0,0.6157,0.3843
287,s__Pluralibacter_gergoviae,0.614,1.0,0.386
70,s__Bacteroides_vulgatus,0.6124,1.0,0.3876
119,s__Clostridia_bacterium_UC5.1-1E11,0.6115,1.0,0.3885
7,s__Actinomyces_odontolyticus,1.0,0.6114,0.3886
224,s__Hungatella_hathewayi,1.0,0.6069,0.3931
146,s__Collinsella_sp._CAG_166,0.5985,1.0,0.4015
240,s__Lachnospiraceae_bacterium_3-1,1.0,0.5969,0.4031
280,s__Parasutterella_excrementihominis,1.0,0.5964,0.4036
47,s__Bacteroides_dorei_CAG_222,1.0,0.5833,0.4167
115,s__Cloacibacillus_evryensis,0.5822,1.0,0.4178
97,s__Blautia_sp._CAG_237,1.0,0.5811,0.4189
292,s__Prevotella_buccalis,1.0,0.5791,0.4209
242,s__Lachnospiraceae_bacterium_M18-1,1.0,0.5784,0.4216
135,s__Clostridium_sp._CAG_62_40_43,0.5782,1.0,0.4218
313,s__Ruminococcaceae_bacterium_D16,0.5758,1.0,0.4242
222,s__Holdemania_massiliensis,1.0,0.5751,0.4249
372,s__[Clostridium]_innocuum,0.5697,1.0,0.4303
141,s__Clostridium_sp._L2-50,1.0,0.5694,0.4306
144,s__Collinsella_aerofaciens,1.0,0.5685,0.4315
96,s__Blautia_schinkii,0.566,1.0,0.434
24,s__Alistipes_obesi,1.0,0.5651,0.4349
220,s__Holdemanella_biformis,0.564,1.0,0.436
250,s__Lactobacillus_sp._HMSC24D01,0.559,1.0,0.441
204,s__Firmicutes_bacterium_CAG_176_59_8,0.5554,1.0,0.4446
344,s__Streptococcus_mutans,0.5547,1.0,0.4453
158,s__Culturomica_massiliensis,0.5521,1.0,0.4479
87,s__Bifidobacterium_scardovii,1.0,0.5478,0.4522
102,s__Butyricicoccus_pullicaecorum,0.5462,1.0,0.4538
348,s__Streptococcus_pyogenes,0.5421,1.0,0.4579
343,s__Streptococcus_mitis,1.0,0.54,0.46
268,s__Odoribacter_splanchnicus_CAG_14,0.5396,1.0,0.4604
48,s__Bacteroides_faecichinchillae,0.5389,1.0,0.4611
71,s__Bacteroides_vulgatus_CAG_6,0.5356,1.0,0.4644
340,s__Streptococcus_gordonii,1.0,0.5326,0.4674
221,s__Holdemania_filiformis,1.0,0.5214,0.4786
279,s__Paraprevotella_xylaniphila,0.5207,1.0,0.4793
284,s__Phascolarctobacterium_sp._CAG_207,0.5189,1.0,0.4811
112,s__Christensenellaceae_bacterium_Phil1,0.5159,1.0,0.4841
360,s__Turicibacter_sp._H121,0.5152,1.0,0.4848
268,s__Odoribacter_splanchnicus_CAG_14,1.0,0.5103,0.4897
241,s__Lachnospiraceae_bacterium_A2,0.5101,1.0,0.4899
160,s__Desulfovibrio_fairfieldensis,1.0,0.5098,0.4902
289,s__Prevotella_amnii,0.5082,1.0,0.4918
72,s__Bariatricus_massiliensis,1.0,0.506,0.494
41,s__Bacteroidales_bacterium_K10,0.5039,1.0,0.4961
314,s__Ruminococcus_bicirculans,0.5016,1.0,0.4984
147,s__Collinsella_sp._MS5,0.4995,1.0,0.5005
149,s__Coprobacillus_sp._D6,1.0,0.4968,0.5032
108,s__Candidatus_Gastranaerophilales_bacterium_MH_37,0.4966,1.0,0.5034
237,s__Lachnobacterium_bovis,1.0,0.4948,0.5052
382,s__[Eubacterium]_contortum,0.4937,1.0,0.5063
374,s__[Clostridium]_leptum,0.4922,1.0,0.5078
366,s__[Bacteroides]_pectinophilus,1.0,0.4902,0.5098
267,s__Odoribacter_splanchnicus,0.4861,1.0,0.5139
321,s__Ruminococcus_sp._CAG_108-related_41_35,0.4853,1.0,0.5147
231,s__Klebsiella_sp._RIT-PI-d,1.0,0.4851,0.5149
92,s__Blautia_hydrogenotrophica,1.0,0.4815,0.5185
309,s__Roseburia_intestinalis,0.4802,1.0,0.5198
0,s__Acetivibrio_ethanolgignens,1.0,0.4794,0.5206
100,s__Blautia_sp._KLE_1732,0.478,1.0,0.522
273,s__Parabacteroides_distasonis,0.4776,1.0,0.5224
247,s__Lactobacillus_paracasei,0.4771,1.0,0.5229
341,s__Streptococcus_infantis,0.4762,1.0,0.5238
93,s__Blautia_hydrogenotrophica_CAG_147,0.4761,1.0,0.5239
281,s__Parasutterella_excrementihominis_CAG_233,0.4754,1.0,0.5246
330,s__Shigella_dysenteriae,0.4754,1.0,0.5246
181,s__Erysipelotrichaceae_bacterium_5_2_54FAA,0.4743,1.0,0.5257
320,s__Ruminococcus_sp._AT10,0.471,1.0,0.529
220,s__Holdemanella_biformis,1.0,0.4702,0.5298
278,s__Paraprevotella_clara_CAG_116,0.4625,1.0,0.5375
202,s__Firmicutes_bacterium_CAG_137_57_8,1.0,0.4597,0.5403
172,s__Eisenbergiella_tayi,1.0,0.4594,0.5406
317,s__Ruminococcus_faecis,0.4571,1.0,0.5429
138,s__Clostridium_sp._CAG_964,1.0,0.4562,0.5438
316,s__Ruminococcus_champanellensis,1.0,0.4551,0.5449
335,s__Stomatobaculum_longum,0.4548,1.0,0.5452
338,s__Streptococcus_cristatus,0.4544,1.0,0.5456
132,s__Clostridium_sp._CAG_352,1.0,0.4531,0.5469
107,s__Butyrivibrio_crossotus_CAG_259,0.4509,1.0,0.5491
178,s__Enterorhabdus_mucosicola,0.4492,1.0,0.5508
135,s__Clostridium_sp._CAG_62_40_43,1.0,0.4487,0.5513
334,s__Solobacterium_moorei,1.0,0.442,0.558
2,s__Acidaminococcus_intestini,0.4416,1.0,0.5584
198,s__Faecalibacterium_sp._CAG_82-related_59_9,0.439,1.0,0.561
147,s__Collinsella_sp._MS5,1.0,0.4384,0.5616
302,s__Pseudoflavonifractor_capillosus,1.0,0.437,0.563
253,s__Leclercia_adecarboxylata,1.0,0.4349,0.5651
258,s__Mediterranea_massiliensis,1.0,0.4348,0.5652
337,s__Streptococcus_anginosus,1.0,0.4316,0.5684
264,s__Murdochiella_sp._Marseille-P2341,1.0,0.4294,0.5706
124,s__Clostridium_clostridioforme_CAG_132,1.0,0.4277,0.5723
6,s__Actinomyces_johnsonii,0.4235,1.0,0.5765
176,s__Enterobacter_sp._638,1.0,0.4227,0.5773
151,s__Coprococcus_comes,1.0,0.4205,0.5795
103,s__Butyricicoccus_sp._K4410.MGS-46,1.0,0.4195,0.5805
306,s__Rikenella_microfusus,1.0,0.4183,0.5817
225,s__Intestinibacter_bartlettii,1.0,0.4163,0.5837
190,s__Eubacterium_sp._3_1_31,1.0,0.4159,0.5841
363,s__Veillonella_sp._CAG_933,1.0,0.4106,0.5894
50,s__Bacteroides_finegoldii,1.0,0.4051,0.5949
85,s__Bifidobacterium_reuteri,1.0,0.4051,0.5949
237,s__Lachnobacterium_bovis,0.4043,1.0,0.5957
179,s__Erysipelatoclostridium_ramosum,1.0,0.4037,0.5963
105,s__Butyricimonas_virosa,1.0,0.4024,0.5976
168,s__Dorea_sp._CAG_105,0.4023,1.0,0.5977
117,s__Clostridia_bacterium_UC5.1-1C12,1.0,0.4006,0.5994
144,s__Collinsella_aerofaciens,0.3973,1.0,0.6027
246,s__Lactobacillus_fermentum,1.0,0.3945,0.6055
323,s__Ruminococcus_sp._Zagget7,1.0,0.393,0.607
28,s__Alistipes_sp._Zagget8,0.393,1.0,0.607
139,s__Clostridium_sp._HGF2,1.0,0.3899,0.6101
311,s__Rothia_dentocariosa,0.3872,1.0,0.6128
3,s__Acidaminococcus_intestini_CAG_325,0.3861,1.0,0.6139
150,s__Coprobacter_secundus,1.0,0.3851,0.6149
121,s__Clostridiales_bacterium_VE202-08,0.3831,1.0,0.6169
177,s__Enterorhabdus_caecimuris,1.0,0.3805,0.6195
256,s__Libanicoccus_massiliensis,1.0,0.3786,0.6214
79,s__Bifidobacterium_bifidum,1.0,0.3756,0.6244
304,s__Rhodospirillum_sp._UNK.MGS-17,1.0,0.3731,0.6269
255,s__Levyella_massiliensis,1.0,0.3713,0.6287
204,s__Firmicutes_bacterium_CAG_176_59_8,1.0,0.3695,0.6305
40,s__Bacteroidales_bacterium_55_9,0.3639,1.0,0.6361
26,s__Alistipes_senegalensis,1.0,0.3627,0.6373
196,s__Eubacterium_ventriosum,1.0,0.3617,0.6383
95,s__Blautia_producta,1.0,0.3591,0.6409
173,s__Emergencia_timonensis,1.0,0.359,0.641
163,s__Dielma_fastidiosa,0.3541,1.0,0.6459
34,s__Anaerotruncus_colihominis,0.354,1.0,0.646
4,s__Acinetobacter_sp._N54.MGS-139,1.0,0.3522,0.6478
163,s__Dielma_fastidiosa,1.0,0.3506,0.6494
159,s__Denitrobacterium_detoxificans,0.35,1.0,0.65
226,s__Intestinimonas_butyriciproducens,1.0,0.3483,0.6517
28,s__Alistipes_sp._Zagget8,1.0,0.3478,0.6522
88,s__Bifidobacterium_stellenboschense,1.0,0.3455,0.6545
167,s__Dorea_sp._5-2,1.0,0.3449,0.6551
159,s__Denitrobacterium_detoxificans,1.0,0.3445,0.6555
178,s__Enterorhabdus_mucosicola,1.0,0.342,0.658
229,s__Klebsiella_oxytoca,1.0,0.3419,0.6581
301,s__Proteobacteria_bacterium_CAG_139,0.3414,1.0,0.6586
195,s__Eubacterium_sp._ER2,1.0,0.3412,0.6588
384,s__[Eubacterium]_eligens,0.3401,1.0,0.6599
193,s__Eubacterium_sp._CAG_180,1.0,0.3329,0.6671
209,s__Firmicutes_bacterium_CAG_41,0.3324,1.0,0.6676
198,s__Faecalibacterium_sp._CAG_82-related_59_9,1.0,0.3293,0.6707
293,s__Prevotella_corporis,1.0,0.3288,0.6712
130,s__Clostridium_sp._CAG_245_30_32,1.0,0.328,0.672
65,s__Bacteroides_sp._D2,1.0,0.3279,0.6721
8,s__Actinomyces_oris,0.326,1.0,0.674
326,s__Salmonella_enterica,1.0,0.325,0.675
20,s__Akkermansia_sp._UNK.MGS-1,1.0,0.3242,0.6758
248,s__Lactobacillus_paraplantarum,1.0,0.3178,0.6822
205,s__Firmicutes_bacterium_CAG_24,1.0,0.3155,0.6845
81,s__Bifidobacterium_callitrichos,1.0,0.3146,0.6854
140,s__Clostridium_sp._KLE_1755,0.3135,1.0,0.6865
125,s__Clostridium_clostridioforme_CAG_511,1.0,0.3126,0.6874
189,s__Eubacterium_sp._14-2,1.0,0.3123,0.6877
79,s__Bifidobacterium_bifidum,0.3102,1.0,0.6898
301,s__Proteobacteria_bacterium_CAG_139,1.0,0.3076,0.6924
339,s__Streptococcus_gallolyticus,0.3064,1.0,0.6936
19,s__Akkermansia_sp._Phil8,1.0,0.3043,0.6957
29,s__Alistipes_timonensis,1.0,0.3043,0.6957
13,s__Akkermansia_muciniphila_CAG_154,1.0,0.3037,0.6963
383,s__[Eubacterium]_dolichum,0.3017,1.0,0.6983
365,s__Yokenella_regensburgei,0.3013,1.0,0.6987
225,s__Intestinibacter_bartlettii,0.3001,1.0,0.6999
317,s__Ruminococcus_faecis,1.0,0.2993,0.7007
387,s__[Eubacterium]_siraeum,0.2989,1.0,0.7011
263,s__Methanobrevibacter_smithii_CAG_186,0.2946,1.0,0.7054
286,s__Phocea_massiliensis,0.2939,1.0,0.7061
36,s__Angelakisella_massiliensis,0.2915,1.0,0.7085
111,s__Cellulomonas_flavigena,0.2911,1.0,0.7089
133,s__Clostridium_sp._CAG_505,0.291,1.0,0.709
277,s__Parabacteroides_merdae_CAG_48,1.0,0.2897,0.7103
271,s__Oscillibacter_sp._KLE_1745,0.2892,1.0,0.7108
92,s__Blautia_hydrogenotrophica,0.2886,1.0,0.7114
166,s__Dorea_sp._42_8,1.0,0.2852,0.7148
91,s__Blautia_hansenii,0.2842,1.0,0.7158
75,s__Bifidobacterium_adolescentis,1.0,0.2821,0.7179
352,s__Streptococcus_thermophilus,1.0,0.2817,0.7183
282,s__Parvimonas_micra,0.2803,1.0,0.7197
82,s__Bifidobacterium_dentium,1.0,0.2779,0.7221
213,s__Firmicutes_bacterium_CAG_94,0.2768,1.0,0.7232
12,s__Akkermansia_muciniphila,1.0,0.2745,0.7255
213,s__Firmicutes_bacterium_CAG_94,1.0,0.274,0.726
355,s__Synergistes_sp._3_1_syn1,0.2738,1.0,0.7262
329,s__Senegalimassilia_anaerobia,0.2738,1.0,0.7262
152,s__Coprococcus_eutactus,0.2727,1.0,0.7273
167,s__Dorea_sp._5-2,0.2692,1.0,0.7308
303,s__Raoultella_ornithinolytica,0.2658,1.0,0.7342
188,s__Eubacterium_ramulus,1.0,0.2643,0.7357
23,s__Alistipes_indistinctus,1.0,0.2596,0.7404
328,s__Sellimonas_intestinalis,0.2582,1.0,0.7418
265,s__Neglecta_timonensis,0.2578,1.0,0.7422
193,s__Eubacterium_sp._CAG_180,0.2561,1.0,0.7439
297,s__Prevotella_sp._S7_MS_2,0.2559,1.0,0.7441
7,s__Actinomyces_odontolyticus,0.2553,1.0,0.7447
262,s__Methanobrevibacter_smithii,0.255,1.0,0.745
358,s__Trueperella_pyogenes,1.0,0.2542,0.7458
285,s__Phascolarctobacterium_succinatutens,0.2448,1.0,0.7552
56,s__Bacteroides_oleiciplenus,0.2425,1.0,0.7575
351,s__Streptococcus_suis,0.2423,1.0,0.7577
215,s__Fournierella_massiliensis,0.2389,1.0,0.7611
226,s__Intestinimonas_butyriciproducens,0.2371,1.0,0.7629
199,s__Faecalicoccus_pleomorphus,1.0,0.2343,0.7657
23,s__Alistipes_indistinctus,0.2335,1.0,0.7665
153,s__Coprococcus_sp._43_8,0.2331,1.0,0.7669
284,s__Phascolarctobacterium_sp._CAG_207,1.0,0.2299,0.7701
381,s__[Enterobacter]_aerogenes,0.2252,1.0,0.7748
106,s__Butyrivibrio_crossotus,0.2246,1.0,0.7754
279,s__Paraprevotella_xylaniphila,1.0,0.2215,0.7785
49,s__Bacteroides_faecis_CAG_32,1.0,0.2202,0.7798
219,s__Hespellia_stercorisuis,0.2195,1.0,0.7805
114,s__Citrobacter_freundii,1.0,0.215,0.785
133,s__Clostridium_sp._CAG_505,1.0,0.2138,0.7862
166,s__Dorea_sp._42_8,0.2109,1.0,0.7891
299,s__Prevotella_timonensis,0.2107,1.0,0.7893
349,s__Streptococcus_salivarius,0.2106,1.0,0.7894
321,s__Ruminococcus_sp._CAG_108-related_41_35,1.0,0.21,0.79
176,s__Enterobacter_sp._638,0.21,1.0,0.79
363,s__Veillonella_sp._CAG_933,0.2086,1.0,0.7914
190,s__Eubacterium_sp._3_1_31,0.2033,1.0,0.7967
217,s__Gordonibacter_pamelaeae,0.2018,1.0,0.7982
68,s__Bacteroides_thetaiotaomicron_CAG_40,1.0,0.1988,0.8012
27,s__Alistipes_shahii,0.1965,1.0,0.8035
319,s__Ruminococcus_obeum_CAG_39,1.0,0.196,0.804
370,s__[Clostridium]_clostridioforme,0.1959,1.0,0.8041
67,s__Bacteroides_thetaiotaomicron,0.1954,1.0,0.8046
335,s__Stomatobaculum_longum,1.0,0.1952,0.8048
116,s__Cloacibacillus_porcorum,0.1948,1.0,0.8052
264,s__Murdochiella_sp._Marseille-P2341,0.1943,1.0,0.8057
35,s__Anaerotruncus_sp._G3(2012),1.0,0.1891,0.8109
47,s__Bacteroides_dorei_CAG_222,0.1889,1.0,0.8111
180,s__Erysipelotrichaceae_bacterium_21_3,1.0,0.1873,0.8127
165,s__Dorea_longicatena,0.1867,1.0,0.8133
372,s__[Clostridium]_innocuum,1.0,0.1861,0.8139
49,s__Bacteroides_faecis_CAG_32,0.1853,1.0,0.8147
30,s__Alloprevotella_tannerae,0.1835,1.0,0.8165
243,s__Lachnospiraceae_bacterium_NLAE-zl-G231,1.0,0.1814,0.8186
187,s__Eubacterium_limosum,0.1806,1.0,0.8194
141,s__Clostridium_sp._L2-50,0.1805,1.0,0.8195
216,s__Fusicatenibacter_saccharivorans,0.1801,1.0,0.8199
328,s__Sellimonas_intestinalis,1.0,0.18,0.82
11,s__Adlercreutzia_equolifaciens,0.1765,1.0,0.8235
199,s__Faecalicoccus_pleomorphus,0.1728,1.0,0.8272
208,s__Firmicutes_bacterium_CAG_308,0.1727,1.0,0.8273
350,s__Streptococcus_sanguinis,0.1718,1.0,0.8282
134,s__Clostridium_sp._CAG_58,1.0,0.1703,0.8297
148,s__Collinsella_stercoris,1.0,0.168,0.832
276,s__Parabacteroides_johnsonii,1.0,0.1669,0.8331
91,s__Blautia_hansenii,1.0,0.1656,0.8344
127,s__Clostridium_nexile_CAG_348,1.0,0.1653,0.8347
357,s__Traorella_massiliensis,1.0,0.1637,0.8363
371,s__[Clostridium]_glycyrrhizinilyticum,0.1619,1.0,0.8381
99,s__Blautia_sp._CAG_37_48_57,0.1618,1.0,0.8382
158,s__Culturomica_massiliensis,1.0,0.1615,0.8385
217,s__Gordonibacter_pamelaeae,1.0,0.1615,0.8385
97,s__Blautia_sp._CAG_237,0.1596,1.0,0.8404
59,s__Bacteroides_plebeius,1.0,0.1586,0.8414
272,s__Pantoea_sp._PSNIH2,0.1574,1.0,0.8426
131,s__Clostridium_sp._CAG_299,0.157,1.0,0.843
128,s__Clostridium_phoceensis,1.0,0.1565,0.8435
258,s__Mediterranea_massiliensis,0.1557,1.0,0.8443
248,s__Lactobacillus_paraplantarum,0.1554,1.0,0.8446
315,s__Ruminococcus_callidus,0.1535,1.0,0.8465
66,s__Bacteroides_stercoris,0.1525,1.0,0.8475
17,s__Akkermansia_sp._KLE1797,0.1519,1.0,0.8481
186,s__Eubacterium_dolichum_CAG_375,0.1517,1.0,0.8483
245,s__Lactobacillus_casei,1.0,0.1507,0.8493
157,s__Cronobacter_sakazakii,0.1494,1.0,0.8506
38,s__Azospirillum_sp._47_25,1.0,0.1493,0.8507
244,s__Lachnospiraceae_bacterium_TF01-11,0.1474,1.0,0.8526
73,s__Barnesiella_intestinihominis,0.1466,1.0,0.8534
27,s__Alistipes_shahii,1.0,0.1457,0.8543
126,s__Clostridium_leptum_CAG_27,0.1448,1.0,0.8552
266,s__Odoribacter_sp._43_10,1.0,0.143,0.857
232,s__Kluyvera_ascorbata,0.1425,1.0,0.8575
377,s__[Clostridium]_saccharolyticum,1.0,0.1424,0.8576
71,s__Bacteroides_vulgatus_CAG_6,1.0,0.1396,0.8604
142,s__Clostridium_sp._M62/1,1.0,0.1375,0.8625
50,s__Bacteroides_finegoldii,0.1339,1.0,0.8661
81,s__Bifidobacterium_callitrichos,0.1333,1.0,0.8667
285,s__Phascolarctobacterium_succinatutens,1.0,0.1321,0.8679
350,s__Streptococcus_sanguinis,1.0,0.1314,0.8686
308,s__Roseburia_hominis,0.1312,1.0,0.8688
346,s__Streptococcus_parasanguinis,1.0,0.1308,0.8692
154,s__Coprococcus_sp._CAG_131,0.1303,1.0,0.8697
168,s__Dorea_sp._CAG_105,1.0,0.1302,0.8698
122,s__Clostridioides_difficile,1.0,0.1295,0.8705
1,s__Acidaminococcus_fermentans,1.0,0.1288,0.8712
80,s__Bifidobacterium_breve,0.1286,1.0,0.8714
52,s__Bacteroides_fluxus,1.0,0.1272,0.8728
309,s__Roseburia_intestinalis,1.0,0.1268,0.8732
46,s__Bacteroides_coprophilus,0.1252,1.0,0.8748
94,s__Blautia_obeum,0.1216,1.0,0.8784
98,s__Blautia_sp._CAG_37,0.1211,1.0,0.8789
273,s__Parabacteroides_distasonis,1.0,0.1198,0.8802
14,s__Akkermansia_sp._54_46,1.0,0.1194,0.8806
318,s__Ruminococcus_lactaris,0.1186,1.0,0.8814
320,s__Ruminococcus_sp._AT10,1.0,0.1148,0.8852
80,s__Bifidobacterium_breve,1.0,0.1135,0.8865
200,s__Faecalitalea_cylindroides,0.1106,1.0,0.8894
388,s__[Ruminococcus]_gnavus,0.1092,1.0,0.8908
362,s__Veillonella_parvula,0.1087,1.0,0.8913
291,s__Prevotella_bivia,1.0,0.1081,0.8919
378,s__[Clostridium]_scindens,0.1067,1.0,0.8933
146,s__Collinsella_sp._CAG_166,1.0,0.1051,0.8949
130,s__Clostridium_sp._CAG_245_30_32,0.105,1.0,0.895
254,s__Lelliottia_amnigena,0.1036,1.0,0.8964
361,s__Tyzzerella_nexilis,0.1025,1.0,0.8975
138,s__Clostridium_sp._CAG_964,0.0993,1.0,0.9007
294,s__Prevotella_disiens,1.0,0.0971,0.9029
16,s__Akkermansia_sp._KLE1605,1.0,0.0963,0.9037
174,s__Enterobacter_cloacae,1.0,0.0958,0.9042
95,s__Blautia_producta,0.091,1.0,0.909
369,s__[Clostridium]_citroniae,0.0892,1.0,0.9108
44,s__Bacteroides_cellulosilyticus,0.0887,1.0,0.9113
52,s__Bacteroides_fluxus,0.0885,1.0,0.9115
182,s__Erysipelotrichaceae_bacterium_CAG_64,1.0,0.0862,0.9138
153,s__Coprococcus_sp._43_8,1.0,0.0855,0.9145
121,s__Clostridiales_bacterium_VE202-08,1.0,0.0843,0.9157
322,s__Ruminococcus_sp._CAG_60,1.0,0.0841,0.9159
162,s__Dialister_invisus_CAG_218,1.0,0.083,0.917
44,s__Bacteroides_cellulosilyticus,1.0,0.0824,0.9176
366,s__[Bacteroides]_pectinophilus,0.0794,1.0,0.9206
110,s__Cedecea_neteri,0.0767,1.0,0.9233
390,s__bacterium_LF-3,0.0758,1.0,0.9242
46,s__Bacteroides_coprophilus,1.0,0.0737,0.9263
54,s__Bacteroides_fragilis_CAG_47,0.0729,1.0,0.9271
129,s__Clostridium_sp._CAG_138,1.0,0.0728,0.9272
9,s__Actinomyces_sp._oral_taxon_181,1.0,0.0728,0.9272
347,s__Streptococcus_pseudoporcinus,1.0,0.0724,0.9276
177,s__Enterorhabdus_caecimuris,0.0723,1.0,0.9277
86,s__Bifidobacterium_saguini,1.0,0.071,0.929
21,s__Alistipes_finegoldii,0.0706,1.0,0.9294
43,s__Bacteroides_caccae_CAG_21,0.0705,1.0,0.9295
356,s__Trabulsiella_odontotermitis,1.0,0.0679,0.9321
68,s__Bacteroides_thetaiotaomicron_CAG_40,0.0673,1.0,0.9327
109,s__Catabacter_hongkongensis,1.0,0.0658,0.9342
55,s__Bacteroides_neonati,0.0654,1.0,0.9346
254,s__Lelliottia_amnigena,1.0,0.0653,0.9347
244,s__Lachnospiraceae_bacterium_TF01-11,1.0,0.0648,0.9352
181,s__Erysipelotrichaceae_bacterium_5_2_54FAA,1.0,0.0647,0.9353
308,s__Roseburia_hominis,1.0,0.0646,0.9354
174,s__Enterobacter_cloacae,0.064,1.0,0.936
312,s__Rothia_mucilaginosa,0.0639,1.0,0.9361
63,s__Bacteroides_sp._43_46,0.0637,1.0,0.9363
31,s__Alloscardovia_omnicolens,0.0637,1.0,0.9363
104,s__Butyricimonas_synergistica,1.0,0.0628,0.9372
329,s__Senegalimassilia_anaerobia,1.0,0.0615,0.9385
293,s__Prevotella_corporis,0.0615,1.0,0.9385
345,s__Streptococcus_oralis,0.0587,1.0,0.9413
269,s__Oscillibacter_sp._57_20,0.0565,1.0,0.9435
93,s__Blautia_hydrogenotrophica_CAG_147,1.0,0.0564,0.9436
206,s__Firmicutes_bacterium_CAG_270,1.0,0.0551,0.9449
157,s__Cronobacter_sakazakii,1.0,0.0543,0.9457
250,s__Lactobacillus_sp._HMSC24D01,1.0,0.0543,0.9457
63,s__Bacteroides_sp._43_46,1.0,0.0536,0.9464
31,s__Alloscardovia_omnicolens,1.0,0.0529,0.9471
246,s__Lactobacillus_fermentum,0.0501,1.0,0.9499
164,s__Dorea_formicigenerans,1.0,0.0501,0.9499
2,s__Acidaminococcus_intestini,1.0,0.0485,0.9515
331,s__Shigella_flexneri,0.0484,1.0,0.9516
183,s__Erysipelotrichaceae_bacterium_I46,1.0,0.0483,0.9517
275,s__Parabacteroides_gordonii,1.0,0.0479,0.9521
342,s__Streptococcus_intermedius,1.0,0.0445,0.9555
197,s__Faecalibacterium_prausnitzii,1.0,0.0441,0.9559
123,s__Clostridium_bolteae_CAG_59,1.0,0.0424,0.9576
25,s__Alistipes_putredinis,0.0417,1.0,0.9583
53,s__Bacteroides_fragilis,0.0407,1.0,0.9593
336,s__Streptococcus_agalactiae,1.0,0.04,0.96
182,s__Erysipelotrichaceae_bacterium_CAG_64,0.0396,1.0,0.9604
280,s__Parasutterella_excrementihominis,0.0388,1.0,0.9612
294,s__Prevotella_disiens,0.0377,1.0,0.9623
73,s__Barnesiella_intestinihominis,1.0,0.036,0.964
113,s__Citrobacter_amalonaticus,0.036,1.0,0.964
303,s__Raoultella_ornithinolytica,1.0,0.0338,0.9662
339,s__Streptococcus_gallolyticus,1.0,0.0332,0.9668
337,s__Streptococcus_anginosus,0.0328,1.0,0.9672
58,s__Bacteroides_ovatus_CAG_22,1.0,0.0326,0.9674
274,s__Parabacteroides_goldsteinii,0.032,1.0,0.968
132,s__Clostridium_sp._CAG_352,0.0309,1.0,0.9691
347,s__Streptococcus_pseudoporcinus,0.0306,1.0,0.9694
210,s__Firmicutes_bacterium_CAG_466,0.0303,1.0,0.9697
62,s__Bacteroides_salyersiae,1.0,0.0301,0.9699
161,s__Dialister_invisus,0.0285,1.0,0.9715
236,s__Lachnoanaerobaculum_sp._OBRC5-5,0.0284,1.0,0.9716
353,s__Streptomyces_cattleya,1.0,0.0279,0.9721
4,s__Acinetobacter_sp._N54.MGS-139,0.0268,1.0,0.9732
109,s__Catabacter_hongkongensis,0.0266,1.0,0.9734
311,s__Rothia_dentocariosa,1.0,0.0266,0.9734
223,s__Holdemania_sp._Marseille-P2844,0.0263,1.0,0.9737
169,s__Drancourtella_massiliensis,0.0259,1.0,0.9741
184,s__Escherichia_coli,1.0,0.0257,0.9743
342,s__Streptococcus_intermedius,0.0256,1.0,0.9744
356,s__Trabulsiella_odontotermitis,0.0251,1.0,0.9749
180,s__Erysipelotrichaceae_bacterium_21_3,0.025,1.0,0.975
201,s__Firmicutes_bacterium_CAG_137,0.0243,1.0,0.9757
43,s__Bacteroides_caccae_CAG_21,1.0,0.0242,0.9758
206,s__Firmicutes_bacterium_CAG_270,0.0237,1.0,0.9763
364,s__Yersinia_pestis,0.0236,1.0,0.9764
230,s__Klebsiella_pneumoniae,0.0233,1.0,0.9767
234,s__Kluyvera_intermedia,1.0,0.0216,0.9784
229,s__Klebsiella_oxytoca,0.0211,1.0,0.9789
137,s__Clostridium_sp._CAG_91,0.0209,1.0,0.9791
55,s__Bacteroides_neonati,1.0,0.0204,0.9796
354,s__Subdoligranulum_variabile,0.02,1.0,0.98
118,s__Clostridia_bacterium_UC5.1-1D1,0.0199,1.0,0.9801
53,s__Bacteroides_fragilis,1.0,0.0199,0.9801
269,s__Oscillibacter_sp._57_20,1.0,0.0196,0.9804
255,s__Levyella_massiliensis,0.019,1.0,0.981
136,s__Clostridium_sp._CAG_81,0.0185,1.0,0.9815
235,s__Kosakonia_sacchari,1.0,0.0184,0.9816
143,s__Clostridium_sp._SY8519,1.0,0.0181,0.9819
57,s__Bacteroides_ovatus,0.0177,1.0,0.9823
353,s__Streptomyces_cattleya,0.0173,1.0,0.9827
281,s__Parasutterella_excrementihominis_CAG_233,1.0,0.0168,0.9832
368,s__[Clostridium]_bolteae,0.0167,1.0,0.9833
56,s__Bacteroides_oleiciplenus,1.0,0.0165,0.9835
305,s__Riemerella_columbina,0.0163,1.0,0.9837
155,s__Coprococcus_sp._HPP0048,0.0159,1.0,0.9841
310,s__Roseburia_inulinivorans,0.0149,1.0,0.9851
210,s__Firmicutes_bacterium_CAG_466,1.0,0.0149,0.9851
15,s__Akkermansia_sp._CAG_344,0.0142,1.0,0.9858
171,s__Eggerthella_sp._YY7918,0.0137,1.0,0.9863
245,s__Lactobacillus_casei,0.0137,1.0,0.9863
156,s__Criibacterium_bergeronii,1.0,0.0134,0.9866
61,s__Bacteroides_salanitronis,1.0,0.0125,0.9875
271,s__Oscillibacter_sp._KLE_1745,1.0,0.0118,0.9882
251,s__Lactococcus_lactis,0.0112,1.0,0.9888
260,s__Megasphaera_sp._UPII_135-E,0.0111,1.0,0.9889
367,s__[Clostridium]_asparagiforme,0.0105,1.0,0.9895
253,s__Leclercia_adecarboxylata,0.0098,1.0,0.9902
355,s__Synergistes_sp._3_1_syn1,1.0,0.0096,0.9904
283,s__Peptostreptococcaceae_bacterium_VA2,1.0,0.0095,0.9905
247,s__Lactobacillus_paracasei,1.0,0.0095,0.9905
75,s__Bifidobacterium_adolescentis,0.0093,1.0,0.9907
296,s__Prevotella_sp._S7-1-8,1.0,0.0083,0.9917
76,s__Bifidobacterium_aesculapii,0.0081,1.0,0.9919
169,s__Drancourtella_massiliensis,1.0,0.008,0.992
275,s__Parabacteroides_gordonii,0.008,1.0,0.992
369,s__[Clostridium]_citroniae,1.0,0.0079,0.9921
214,s__Flavonifractor_plautii,1.0,0.0076,0.9924
299,s__Prevotella_timonensis,1.0,0.0076,0.9924
77,s__Bifidobacterium_angulatum,0.0076,1.0,0.9924
175,s__Enterobacter_lignolyticus,1.0,0.0072,0.9928
51,s__Bacteroides_finegoldii_CAG_203,0.0072,1.0,0.9928
227,s__Intestinimonas_massiliensis,0.0067,1.0,0.9933
108,s__Candidatus_Gastranaerophilales_bacterium_MH_37,1.0,0.0067,0.9933
160,s__Desulfovibrio_fairfieldensis,0.0066,1.0,0.9934
333,s__Siccibacter_turicensis,0.006,1.0,0.994
111,s__Cellulomonas_flavigena,1.0,0.0059,0.9941
100,s__Blautia_sp._KLE_1732,1.0,0.0058,0.9942
286,s__Phocea_massiliensis,1.0,0.0057,0.9943
25,s__Alistipes_putredinis,1.0,0.0056,0.9944
380,s__[Clostridium]_symbiosum,0.0056,1.0,0.9944
104,s__Butyricimonas_synergistica,0.0056,1.0,0.9944
82,s__Bifidobacterium_dentium,0.0048,1.0,0.9952
188,s__Eubacterium_ramulus,0.0042,1.0,0.9958
228,s__Johnsonella_ignava,0.004,1.0,0.996
10,s__Actinomyces_sp._ph3,0.0035,1.0,0.9965
371,s__[Clostridium]_glycyrrhizinilyticum,1.0,0.0034,0.9966
191,s__Eubacterium_sp._45_250,0.0027,1.0,0.9973
304,s__Rhodospirillum_sp._UNK.MGS-17,0.0025,1.0,0.9975
214,s__Flavonifractor_plautii,0.0025,1.0,0.9975
65,s__Bacteroides_sp._D2,0.0025,1.0,0.9975
115,s__Cloacibacillus_evryensis,1.0,0.0025,0.9975
116,s__Cloacibacillus_porcorum,1.0,0.0024,0.9976
300,s__Prevotellamassilia_timonensis,0.0024,1.0,0.9976
88,s__Bifidobacterium_stellenboschense,0.0023,1.0,0.9977
18,s__Akkermansia_sp._KLE1798,1.0,0.0023,0.9977
377,s__[Clostridium]_saccharolyticum,0.0022,1.0,0.9978
336,s__Streptococcus_agalactiae,0.0021,1.0,0.9979
358,s__Trueperella_pyogenes,0.0021,1.0,0.9979
292,s__Prevotella_buccalis,0.002,1.0,0.998
41,s__Bacteroidales_bacterium_K10,1.0,0.0017,0.9983
346,s__Streptococcus_parasanguinis,0.0015,1.0,0.9985
161,s__Dialister_invisus,1.0,0.0015,0.9985
54,s__Bacteroides_fragilis_CAG_47,1.0,0.0015,0.9985
332,s__Shimwellia_blattae,1.0,0.0013,0.9987
101,s__Butyricicoccus_desmolans,1.0,0.0013,0.9987
154,s__Coprococcus_sp._CAG_131,1.0,0.0012,0.9988
64,s__Bacteroides_sp._CAG_98,0.0011,1.0,0.9989
84,s__Bifidobacterium_longum,1.0,0.001,0.999
288,s__Porphyromonas_somerae,1.0,0.0009,0.9991
148,s__Collinsella_stercoris,0.0009,1.0,0.9991
351,s__Streptococcus_suis,1.0,0.0008,0.9992
375,s__[Clostridium]_methylpentosum,1.0,0.0006,0.9994
323,s__Ruminococcus_sp._Zagget7,0.0005,1.0,0.9995
60,s__Bacteroides_pyogenes,0.0004,1.0,0.9996
203,s__Firmicutes_bacterium_CAG_145,0.0004,1.0,0.9996
59,s__Bacteroides_plebeius,0.0004,1.0,0.9996
223,s__Holdemania_sp._Marseille-P2844,1.0,0.0003,0.9997
152,s__Coprococcus_eutactus,1.0,0.0003,0.9997
125,s__Clostridium_clostridioforme_CAG_511,0.0003,1.0,0.9997
259,s__Megasphaera_genomosp._type_1,0.0003,1.0,0.9997
287,s__Pluralibacter_gergoviae,1.0,0.0002,0.9998
283,s__Peptostreptococcaceae_bacterium_VA2,0.0002,1.0,0.9998
39,s__Azospirillum_sp._CAG_260,0.0001,1.0,0.9999
89,s__Bilophila_wadsworthia,1.0,0.0001,0.9999
288,s__Porphyromonas_somerae,0.0001,1.0,0.9999
124,s__Clostridium_clostridioforme_CAG_132,0.0001,1.0,0.9999
367,s__[Clostridium]_asparagiforme,1.0,0.0001,0.9999
201,s__Firmicutes_bacterium_CAG_137,1.0,0.0,1.0
354,s__Subdoligranulum_variabile,1.0,0.0,1.0
34,s__Anaerotruncus_colihominis,1.0,0.0,1.0
266,s__Odoribacter_sp._43_10,0.0,1.0,1.0
331,s__Shigella_flexneri,1.0,0.0,1.0
325,s__Ruthenibacterium_lactatiformans,0.0,1.0,1.0
76,s__Bifidobacterium_aesculapii,1.0,0.0,1.0
61,s__Bacteroides_salanitronis,0.0,1.0,1.0
202,s__Firmicutes_bacterium_CAG_137_57_8,0.0,1.0,1.0
184,s__Escherichia_coli,0.0,1.0,1.0
173,s__Emergencia_timonensis,0.0,1.0,1.0
251,s__Lactococcus_lactis,1.0,0.0,1.0
295,s__Prevotella_sp._109,0.0,1.0,1.0
319,s__Ruminococcus_obeum_CAG_39,0.0,1.0,1.0
74,s__Barnesiella_viscericola,1.0,0.0,1.0
208,s__Firmicutes_bacterium_CAG_308,1.0,0.0,1.0
386,s__[Eubacterium]_rectale,0.0,1.0,1.0
131,s__Clostridium_sp._CAG_299,1.0,0.0,1.0
186,s__Eubacterium_dolichum_CAG_375,1.0,0.0,1.0
10,s__Actinomyces_sp._ph3,1.0,0.0,1.0
302,s__Pseudoflavonifractor_capillosus,0.0,1.0,1.0
42,s__Bacteroides_barnesiae,1.0,0.0,1.0
112,s__Christensenellaceae_bacterium_Phil1,1.0,0.0,1.0
129,s__Clostridium_sp._CAG_138,0.0,1.0,1.0
235,s__Kosakonia_sacchari,0.0,1.0,1.0
333,s__Siccibacter_turicensis,1.0,0.0,1.0
37,s__Atlantibacter_hermannii,1.0,0.0,1.0
272,s__Pantoea_sp._PSNIH2,1.0,0.0,1.0
103,s__Butyricicoccus_sp._K4410.MGS-46,0.0,1.0,1.0
64,s__Bacteroides_sp._CAG_98,1.0,0.0,1.0
119,s__Clostridia_bacterium_UC5.1-1E11,1.0,0.0,1.0
389,s__[Ruminococcus]_torques,0.0,1.0,1.0
118,s__Clostridia_bacterium_UC5.1-1D1,1.0,0.0,1.0
192,s__Eubacterium_sp._CAG_146,1.0,0.0,1.0
150,s__Coprobacter_secundus,0.0,1.0,1.0
74,s__Barnesiella_viscericola,0.0,1.0,1.0
72,s__Bariatricus_massiliensis,0.0,1.0,1.0
314,s__Ruminococcus_bicirculans,1.0,0.0,1.0
256,s__Libanicoccus_massiliensis,0.0,1.0,1.0
136,s__Clostridium_sp._CAG_81,1.0,0.0,1.0
318,s__Ruminococcus_lactaris,1.0,0.0,1.0
117,s__Clostridia_bacterium_UC5.1-1C12,0.0,1.0,1.0
370,s__[Clostridium]_clostridioforme,1.0,0.0,1.0
240,s__Lachnospiraceae_bacterium_3-1,0.0,1.0,1.0
322,s__Ruminococcus_sp._CAG_60,0.0,1.0,1.0
45,s__Bacteroides_coprocola,0.0,1.0,1.0
362,s__Veillonella_parvula,1.0,0.0,1.0
164,s__Dorea_formicigenerans,0.0,1.0,1.0
222,s__Holdemania_massiliensis,0.0,1.0,1.0
296,s__Prevotella_sp._S7-1-8,0.0,1.0,1.0
276,s__Parabacteroides_johnsonii,0.0,1.0,1.0
252,s__Lactonifactor_longoviformis,1.0,0.0,1.0
185,s__Escherichia_vulneris,0.0,1.0,1.0
290,s__Prevotella_baroniae,0.0,1.0,1.0
376,s__[Clostridium]_saccharogumia,0.0,1.0,1.0
325,s__Ruthenibacterium_lactatiformans,1.0,0.0,1.0
17,s__Akkermansia_sp._KLE1797,1.0,0.0,1.0
22,s__Alistipes_ihumii,0.0,1.0,1.0
270,s__Oscillibacter_sp._ER4,1.0,0.0,1.0
9,s__Actinomyces_sp._oral_taxon_181,0.0,1.0,1.0
234,s__Kluyvera_intermedia,0.0,1.0,1.0
375,s__[Clostridium]_methylpentosum,0.0,1.0,1.0
194,s__Eubacterium_sp._CAG_251,1.0,0.0,1.0
5,s__Actinomyces_graevenitzii,1.0,0.0,1.0
306,s__Rikenella_microfusus,0.0,1.0,1.0
83,s__Bifidobacterium_gallinarum,1.0,0.0,1.0
90,s__Bittarella_massiliensis,1.0,0.0,1.0
96,s__Blautia_schinkii,1.0,0.0,1.0
110,s__Cedecea_neteri,1.0,0.0,1.0
18,s__Akkermansia_sp._KLE1798,0.0,1.0,1.0
379,s__[Clostridium]_spiroforme,0.0,1.0,1.0
113,s__Citrobacter_amalonaticus,1.0,0.0,1.0
373,s__[Clostridium]_lactatifermentans,0.0,1.0,1.0
170,s__Eggerthella_lenta,0.0,1.0,1.0
359,s__Turicibacter_sanguinis,0.0,1.0,1.0
99,s__Blautia_sp._CAG_37_48_57,1.0,0.0,1.0
196,s__Eubacterium_ventriosum,0.0,1.0,1.0
60,s__Bacteroides_pyogenes,1.0,0.0,1.0
162,s__Dialister_invisus_CAG_218,0.0,1.0,1.0
15,s__Akkermansia_sp._CAG_344,1.0,0.0,1.0
11,s__Adlercreutzia_equolifaciens,1.0,0.0,1.0
212,s__Firmicutes_bacterium_CAG_83,0.0,1.0,1.0
30,s__Alloprevotella_tannerae,1.0,0.0,1.0
33,s__Anaerostipes_hadrus,1.0,0.0,1.0
36,s__Angelakisella_massiliensis,1.0,0.0,1.0
368,s__[Clostridium]_bolteae,1.0,0.0,1.0
3,s__Acidaminococcus_intestini_CAG_325,1.0,0.0,1.0
277,s__Parabacteroides_merdae_CAG_48,0.0,1.0,1.0
40,s__Bacteroidales_bacterium_55_9,1.0,0.0,1.0
45,s__Bacteroides_coprocola,1.0,0.0,1.0
48,s__Bacteroides_faecichinchillae,1.0,0.0,1.0
207,s__Firmicutes_bacterium_CAG_272_52_7,0.0,1.0,1.0
16,s__Akkermansia_sp._KLE1605,0.0,1.0,1.0
57,s__Bacteroides_ovatus,1.0,0.0,1.0
66,s__Bacteroides_stercoris,1.0,0.0,1.0
341,s__Streptococcus_infantis,1.0,0.0,1.0
140,s__Clostridium_sp._KLE_1755,1.0,0.0,1.0
298,s__Prevotella_stercorea,1.0,0.0,1.0
86,s__Bifidobacterium_saguini,0.0,1.0,1.0
38,s__Azospirillum_sp._47_25,0.0,1.0,1.0
85,s__Bifidobacterium_reuteri,0.0,1.0,1.0
84,s__Bifidobacterium_longum,0.0,1.0,1.0
42,s__Bacteroides_barnesiae,0.0,1.0,1.0
249,s__Lactobacillus_rhamnosus,0.0,1.0,1.0
69,s__Bacteroides_uniformis,0.0,1.0,1.0
316,s__Ruminococcus_champanellensis,0.0,1.0,1.0
260,s__Megasphaera_sp._UPII_135-E,1.0,0.0,1.0
261,s__Merdibacter_massiliensis,1.0,0.0,1.0
62,s__Bacteroides_salyersiae,0.0,1.0,1.0
58,s__Bacteroides_ovatus_CAG_22,0.0,1.0,1.0
257,s__Massilioclostridium_coli,0.0,1.0,1.0
295,s__Prevotella_sp._109,1.0,0.0,1.0
297,s__Prevotella_sp._S7_MS_2,1.0,0.0,1.0
87,s__Bifidobacterium_scardovii,0.0,1.0,1.0
26,s__Alistipes_senegalensis,0.0,1.0,1.0
326,s__Salmonella_enterica,0.0,1.0,1.0
105,s__Butyricimonas_virosa,0.0,1.0,1.0
357,s__Traorella_massiliensis,0.0,1.0,1.0
151,s__Coprococcus_comes,0.0,1.0,1.0
352,s__Streptococcus_thermophilus,0.0,1.0,1.0
233,s__Kluyvera_cryocrescens,0.0,1.0,1.0
171,s__Eggerthella_sp._YY7918,1.0,0.0,1.0
134,s__Clostridium_sp._CAG_58,0.0,1.0,1.0
128,s__Clostridium_phoceensis,0.0,1.0,1.0
33,s__Anaerostipes_hadrus,0.0,1.0,1.0
343,s__Streptococcus_mitis,0.0,1.0,1.0
191,s__Eubacterium_sp._45_250,1.0,0.0,1.0
35,s__Anaerotruncus_sp._G3(2012),0.0,1.0,1.0
123,s__Clostridium_bolteae_CAG_59,0.0,1.0,1.0
114,s__Citrobacter_freundii,0.0,1.0,1.0
37,s__Atlantibacter_hermannii,0.0,1.0,1.0
207,s__Firmicutes_bacterium_CAG_272_52_7,1.0,0.0,1.0
327,s__Sanguibacteroides_justesenii,0.0,1.0,1.0
239,s__Lachnospiraceae_bacterium_2_1_46FAA,0.0,1.0,1.0
