,bacteria,rel_pvalue,abs_pvalue,dist
7,s__Actinomyces_odontolyticus,1.0,1.0,0.0
220,s__Holdemanella_biformis,1.0,1.0,0.0
241,s__Lachnospiraceae_bacterium_A2,1.0,1.0,0.0
307,s__Ruminococcus_champanellensis,1.0,1.0,0.0
299,s__Roseburia_hominis,1.0,1.0,0.0
263,s__Oscillibacter_sp._KLE_1745,1.0,1.0,0.0
246,s__Lelliottia_amnigena,1.0,1.0,0.0
242,s__Lactobacillus_paraplantarum,1.0,1.0,0.0
235,s__Lachnospiraceae_bacterium_3-1,1.0,1.0,0.0
239,s__Lachnospiraceae_bacterium_2_1_46FAA,1.0,1.0,0.0
224,s__Johnsonella_ignava,1.0,1.0,0.0
283,s__Peptostreptococcaceae_bacterium_VA2,1.0,1.0,0.0
200,s__Faecalitalea_cylindroides,1.0,1.0,0.0
188,s__Eubacterium_sp._CAG_146,1.0,1.0,0.0
335,s__Streptococcus_parasanguinis,1.0,1.0,0.0
313,s__Ruminococcus_sp._CAG_60,1.0,1.0,0.0
177,s__Erysipelotrichaceae_bacterium_21_3,1.0,1.0,0.0
171,s__Emergencia_timonensis,1.0,1.0,0.0
90,s__Bittarella_massiliensis,1.0,1.0,0.0
316,s__Ruminococcus_champanellensis,1.0,1.0,0.0
343,s__Subdoligranulum_variabile,1.0,1.0,0.0
142,s__Collinsella_aerofaciens,1.0,1.0,0.0
344,s__Streptococcus_mutans,1.0,1.0,0.0
383,s__[Eubacterium]_dolichum,1.0,1.0,0.0
376,s__[Ruminococcus]_torques,1.0,1.0,0.0
168,s__Dorea_sp._CAG_105,1.0,1.0,0.0
19,s__Akkermansia_sp._Phil8,1.0,1.0,0.0
225,s__Intestinibacter_bartlettii,1.0,1.0,0.0
14,s__Akkermansia_sp._54_46,1.0,1.0,0.0
340,s__Streptococcus_suis,1.0,1.0,0.0
315,s__Ruminococcus_torques_CAG_61,1.0,1.0,0.0
340,s__Streptococcus_gordonii,0.9687,1.0,0.0313
78,s__Bifidobacterium_bifidum,1.0,0.9594,0.0406
231,s__Klebsiella_sp._RIT-PI-d,0.9593,1.0,0.0407
204,s__Firmicutes_bacterium_CAG_176_59_8,0.9528,1.0,0.0472
138,s__Clostridium_sp._CAG_964,0.946,1.0,0.054
128,s__Clostridium_phoceensis,0.946,1.0,0.054
72,s__Bariatricus_massiliensis,0.946,1.0,0.054
14,s__Akkermansia_sp._54_46,0.946,1.0,0.054
19,s__Akkermansia_sp._Phil8,0.946,1.0,0.054
334,s__Solobacterium_moorei,0.946,1.0,0.054
313,s__Ruminococcaceae_bacterium_D16,0.946,1.0,0.054
25,s__Alistipes_putredinis,0.946,1.0,0.054
192,s__Eubacterium_ventriosum,1.0,0.946,0.054
361,s__[Clostridium]_leptum,1.0,0.946,0.054
386,s__[Eubacterium]_rectale,0.946,1.0,0.054
197,s__Faecalibacterium_prausnitzii,0.946,1.0,0.054
164,s__Dorea_formicigenerans,0.946,1.0,0.054
301,s__Roseburia_inulinivorans,1.0,0.946,0.054
13,s__Akkermansia_muciniphila_CAG_154,0.946,1.0,0.054
346,s__Traorella_massiliensis,1.0,0.946,0.054
13,s__Akkermansia_muciniphila_CAG_154,1.0,0.946,0.054
262,s__Oscillibacter_sp._ER4,1.0,0.946,0.054
154,s__Criibacterium_bergeronii,1.0,0.946,0.054
144,s__Collinsella_sp._CAG_166,1.0,0.9375,0.0625
145,s__Collinsella_sp._MS5,1.0,0.9375,0.0625
138,s__Clostridium_sp._KLE_1755,1.0,0.9375,0.0625
151,s__Coprococcus_sp._43_8,1.0,0.9375,0.0625
329,s__Streptococcus_gordonii,1.0,0.9375,0.0625
48,s__Bacteroides_faecis_CAG_32,1.0,0.9375,0.0625
390,s__bacterium_LF-3,0.9375,1.0,0.0625
368,s__[Enterobacter]_aerogenes,1.0,0.9375,0.0625
264,s__Murdochiella_sp._Marseille-P2341,0.9374,1.0,0.0626
133,s__Clostridium_sp._CAG_62_40_43,1.0,0.9292,0.0708
326,s__Streptococcus_anginosus,1.0,0.9292,0.0708
107,s__Butyrivibrio_crossotus_CAG_259,0.9291,1.0,0.0709
246,s__Lactobacillus_fermentum,0.9165,1.0,0.0835
247,s__Lactobacillus_paracasei,0.8927,1.0,0.1073
240,s__Lactobacillus_casei,1.0,0.8927,0.1073
241,s__Lactobacillus_paracasei,1.0,0.8927,0.1073
214,s__Haemophilus_parainfluenzae,1.0,0.8927,0.1073
218,s__Haemophilus_parainfluenzae,0.8927,1.0,0.1073
191,s__Eubacterium_sp._45_250,0.8926,1.0,0.1074
192,s__Eubacterium_sp._CAG_146,0.8926,1.0,0.1074
126,s__Clostridium_leptum_CAG_27,0.8926,1.0,0.1074
136,s__Clostridium_sp._CAG_964,1.0,0.8926,0.1074
188,s__Eubacterium_ramulus,0.8926,1.0,0.1074
126,s__Clostridium_phoceensis,1.0,0.8926,0.1074
124,s__Clostridium_leptum_CAG_27,1.0,0.8926,0.1074
121,s__Clostridiales_bacterium_VE202-08,0.8926,1.0,0.1074
102,s__Butyricicoccus_sp._K4410.MGS-46,1.0,0.8926,0.1074
360,s__[Clostridium]_lactatifermentans,1.0,0.8926,0.1074
362,s__[Clostridium]_methylpentosum,1.0,0.8926,0.1074
149,s__Coprobacillus_sp._D6,0.8926,1.0,0.1074
20,s__Akkermansia_sp._UNK.MGS-1,1.0,0.8926,0.1074
137,s__Clostridium_sp._HGF2,1.0,0.8926,0.1074
89,s__Bilophila_wadsworthia,0.8926,1.0,0.1074
187,s__Eubacterium_sp._45_250,1.0,0.8926,0.1074
266,s__Odoribacter_sp._43_10,0.8926,1.0,0.1074
26,s__Alistipes_senegalensis,0.8926,1.0,0.1074
211,s__Fournierella_massiliensis,1.0,0.8926,0.1074
265,s__Neglecta_timonensis,0.8926,1.0,0.1074
306,s__Ruminococcus_callidus,1.0,0.8926,0.1074
249,s__Massilioclostridium_coli,1.0,0.8926,0.1074
163,s__Dielma_fastidiosa,0.8886,1.0,0.1114
237,s__Lachnospiraceae_bacterium_M18-1,1.0,0.8886,0.1114
79,s__Bifidobacterium_bifidum,0.8785,1.0,0.1215
206,s__Firmicutes_bacterium_CAG_270,0.8785,1.0,0.1215
337,s__Streptococcus_anginosus,0.8783,1.0,0.1217
95,s__Blautia_producta,0.8753,1.0,0.1247
161,s__Dialister_invisus,0.8753,1.0,0.1247
264,s__Pantoea_sp._PSNIH2,1.0,0.8753,0.1247
332,s__Shimwellia_blattae,0.8753,1.0,0.1247
226,s__Klebsiella_pneumoniae,1.0,0.8753,0.1247
338,s__Streptococcus_cristatus,0.8749,1.0,0.1251
333,s__Streptococcus_mutans,1.0,0.8658,0.1342
178,s__Enterorhabdus_mucosicola,0.8658,1.0,0.1342
86,s__Bifidobacterium_scardovii,1.0,0.859,0.141
200,s__Firmicutes_bacterium_CAG_176_59_8,1.0,0.859,0.141
104,s__Butyricimonas_synergistica,0.8589,1.0,0.1411
176,s__Erysipelatoclostridium_ramosum,1.0,0.8589,0.1411
24,s__Alistipes_obesi,0.8394,1.0,0.1606
143,s__Clostridium_sp._SY8519,0.8394,1.0,0.1606
99,s__Blautia_sp._KLE_1732,1.0,0.8394,0.1606
349,s__Streptococcus_salivarius,0.8394,1.0,0.1606
222,s__Intestinimonas_butyriciproducens,1.0,0.8394,0.1606
90,s__Blautia_hansenii,1.0,0.8394,0.1606
170,s__Eggerthella_lenta,0.8394,1.0,0.1606
88,s__Bilophila_wadsworthia,1.0,0.8394,0.1606
165,s__Dorea_longicatena,0.8394,1.0,0.1606
382,s__[Eubacterium]_contortum,0.8394,1.0,0.1606
32,s__Anaerostipes_caccae,1.0,0.8394,0.1606
224,s__Hungatella_hathewayi,0.8394,1.0,0.1606
170,s__Eisenbergiella_tayi,1.0,0.8394,0.1606
12,s__Akkermansia_muciniphila,0.8394,1.0,0.1606
215,s__Hespellia_stercorisuis,1.0,0.8394,0.1606
212,s__Fusicatenibacter_saccharivorans,1.0,0.8394,0.1606
279,s__Paraprevotella_xylaniphila,0.8394,1.0,0.1606
20,s__Akkermansia_sp._UNK.MGS-1,0.8394,1.0,0.1606
285,s__Phascolarctobacterium_succinatutens,0.8394,1.0,0.1606
33,s__Anaerostipes_hadrus,0.8394,1.0,0.1606
218,s__Holdemania_massiliensis,1.0,0.8394,0.1606
101,s__Butyricicoccus_desmolans,0.8394,1.0,0.1606
149,s__Coprococcus_comes,1.0,0.8394,0.1606
1,s__Acidaminococcus_fermentans,0.8335,1.0,0.1665
250,s__Lactobacillus_sp._HMSC24D01,0.8335,1.0,0.1665
172,s__Enterobacter_cloacae,1.0,0.8139,0.1861
287,s__Pluralibacter_gergoviae,0.8139,1.0,0.1861
162,s__Dialister_invisus_CAG_218,0.8139,1.0,0.1861
320,s__Senegalimassilia_anaerobia,1.0,0.8139,0.1861
268,s__Odoribacter_splanchnicus_CAG_14,0.8139,1.0,0.1861
327,s__Streptococcus_cristatus,1.0,0.8139,0.1861
243,s__Lachnospiraceae_bacterium_NLAE-zl-G231,0.8139,1.0,0.1861
366,s__[Clostridium]_spiroforme,1.0,0.8139,0.1861
339,s__Streptococcus_sanguinis,1.0,0.7897,0.2103
347,s__Trueperella_pyogenes,1.0,0.7897,0.2103
10,s__Actinomyces_sp._ph3,1.0,0.7897,0.2103
165,s__Dorea_sp._5-2,1.0,0.7869,0.2131
324,s__Stomatobaculum_longum,1.0,0.7869,0.2131
181,s__Erysipelotrichaceae_bacterium_5_2_54FAA,0.7869,1.0,0.2131
371,s__[Clostridium]_glycyrrhizinilyticum,0.7869,1.0,0.2131
359,s__[Clostridium]_innocuum,1.0,0.7869,0.2131
168,s__Eggerthella_lenta,1.0,0.7869,0.2131
117,s__Clostridia_bacterium_UC5.1-1E11,1.0,0.7869,0.2131
120,s__Clostridiales_bacterium_1_7_47FAA,0.7869,1.0,0.2131
120,s__Clostridioides_difficile,1.0,0.7869,0.2131
286,s__Phocea_massiliensis,0.7869,1.0,0.2131
98,s__Blautia_sp._CAG_37,0.7869,1.0,0.2131
172,s__Eisenbergiella_tayi,0.7869,1.0,0.2131
34,s__Anaerotruncus_colihominis,0.7869,1.0,0.2131
336,s__Streptococcus_agalactiae,0.7855,1.0,0.2145
0,s__Acetivibrio_ethanolgignens,0.7836,1.0,0.2164
161,s__Dielma_fastidiosa,1.0,0.7794,0.2206
208,s__Firmicutes_bacterium_CAG_308,0.7794,1.0,0.2206
242,s__Lachnospiraceae_bacterium_M18-1,0.7794,1.0,0.2206
127,s__Clostridium_nexile_CAG_348,0.7671,1.0,0.2329
237,s__Lachnobacterium_bovis,0.7596,1.0,0.2404
207,s__Firmicutes_bacterium_CAG_65,1.0,0.7537,0.2463
232,s__Lachnobacterium_bovis,1.0,0.7537,0.2463
238,s__Lachnospiraceae_bacterium_NLAE-zl-G231,1.0,0.7537,0.2463
364,s__Yersinia_pestis,0.7537,1.0,0.2463
130,s__Clostridium_sp._CAG_352,1.0,0.7537,0.2463
28,s__Alistipes_sp._Zagget8,1.0,0.7537,0.2463
387,s__[Eubacterium]_siraeum,0.7537,1.0,0.2463
190,s__Eubacterium_sp._CAG_251,1.0,0.7532,0.2468
115,s__Clostridia_bacterium_UC5.1-1C12,1.0,0.7532,0.2468
312,s__Ruminococcus_sp._CAG_108-related_41_35,1.0,0.7354,0.2646
24,s__Alistipes_obesi,1.0,0.7354,0.2646
71,s__Bacteroides_vulgatus_CAG_6,0.7354,1.0,0.2646
374,s__[Eubacterium]_siraeum,1.0,0.7354,0.2646
323,s__Ruminococcus_sp._Zagget7,0.7354,1.0,0.2646
36,s__Angelakisella_massiliensis,1.0,0.7354,0.2646
114,s__Citrobacter_freundii,0.7354,1.0,0.2646
217,s__Holdemania_filiformis,1.0,0.7354,0.2646
119,s__Clostridia_bacterium_UC5.1-1E11,0.7354,1.0,0.2646
341,s__Streptococcus_infantis,0.7354,1.0,0.2646
261,s__Merdibacter_massiliensis,0.7354,1.0,0.2646
39,s__Bacteroidales_bacterium_55_9,1.0,0.7354,0.2646
89,s__Bittarella_massiliensis,1.0,0.7354,0.2646
101,s__Butyricicoccus_pullicaecorum,1.0,0.7354,0.2646
134,s__Clostridium_sp._CAG_58,0.7354,1.0,0.2646
332,s__Streptococcus_mitis,1.0,0.7354,0.2646
91,s__Blautia_hansenii,0.7354,1.0,0.2646
146,s__Collinsella_stercoris,1.0,0.7353,0.2647
334,s__Streptococcus_oralis,1.0,0.7221,0.2779
209,s__Firmicutes_bacterium_CAG_94,1.0,0.7221,0.2779
106,s__Butyrivibrio_crossotus_CAG_259,1.0,0.7221,0.2779
199,s__Faecalicoccus_pleomorphus,0.7213,1.0,0.2787
157,s__Denitrobacterium_detoxificans,1.0,0.715,0.285
114,s__Cloacibacillus_porcorum,1.0,0.715,0.285
159,s__Denitrobacterium_detoxificans,0.715,1.0,0.285
40,s__Bacteroidales_bacterium_K10,1.0,0.715,0.285
116,s__Cloacibacillus_porcorum,0.715,1.0,0.285
240,s__Lachnospiraceae_bacterium_3-1,0.6949,1.0,0.3051
29,s__Alistipes_timonensis,0.6949,1.0,0.3051
377,s__[Clostridium]_saccharolyticum,0.6949,1.0,0.3051
228,s__Kluyvera_cryocrescens,1.0,0.6949,0.3051
211,s__Firmicutes_bacterium_CAG_65,0.6949,1.0,0.3051
49,s__Bacteroides_faecis_CAG_32,0.6949,1.0,0.3051
107,s__Candidatus_Gastranaerophilales_bacterium_MH_37,1.0,0.6949,0.3051
26,s__Alistipes_senegalensis,1.0,0.6848,0.3152
95,s__Blautia_schinkii,1.0,0.6848,0.3152
98,s__Blautia_sp._CAG_37_48_57,1.0,0.6848,0.3152
310,s__Ruminococcus_obeum_CAG_39,1.0,0.6848,0.3152
253,s__Merdibacter_massiliensis,1.0,0.6848,0.3152
309,s__Roseburia_intestinalis,0.6848,1.0,0.3152
179,s__Erysipelotrichaceae_bacterium_CAG_64,1.0,0.6848,0.3152
231,s__Lachnoanaerobaculum_sp._OBRC5-5,1.0,0.6848,0.3152
132,s__Clostridium_sp._CAG_58,1.0,0.6848,0.3152
213,s__Gordonibacter_pamelaeae,1.0,0.6848,0.3152
150,s__Coprococcus_eutactus,1.0,0.6848,0.3152
155,s__Cronobacter_sakazakii,1.0,0.6848,0.3152
201,s__Firmicutes_bacterium_CAG_24,1.0,0.6848,0.3152
321,s__Ruminococcus_sp._CAG_108-related_41_35,0.6848,1.0,0.3152
196,s__Faecalitalea_cylindroides,1.0,0.6848,0.3152
193,s__Faecalibacterium_prausnitzii,1.0,0.6848,0.3152
110,s__Christensenellaceae_bacterium_Phil1,1.0,0.6848,0.3152
22,s__Alistipes_ihumii,1.0,0.6848,0.3152
377,s__bacterium_LF-3,1.0,0.6848,0.3152
99,s__Blautia_sp._CAG_37_48_57,0.6848,1.0,0.3152
73,s__Barnesiella_intestinihominis,0.6848,1.0,0.3152
94,s__Blautia_obeum,0.6848,1.0,0.3152
21,s__Alistipes_finegoldii,0.6848,1.0,0.3152
139,s__Clostridium_sp._HGF2,0.6848,1.0,0.3152
245,s__Lactobacillus_casei,0.6845,1.0,0.3155
363,s__Veillonella_sp._CAG_933,0.6744,1.0,0.3256
77,s__Bifidobacterium_biavatii,1.0,0.6744,0.3256
236,s__Lachnospiraceae_bacterium_A2,1.0,0.6744,0.3256
351,s__Streptococcus_suis,0.6729,1.0,0.3271
28,s__Alistipes_sp._Zagget8,0.666,1.0,0.334
179,s__Erysipelatoclostridium_ramosum,0.6566,1.0,0.3434
342,s__Streptomyces_cattleya,1.0,0.6566,0.3434
185,s__Eubacterium_sp._14-2,1.0,0.6566,0.3434
274,s__Parvimonas_micra,1.0,0.6547,0.3453
337,s__Streptococcus_pyogenes,1.0,0.6547,0.3453
348,s__Streptococcus_pyogenes,0.6547,1.0,0.3453
282,s__Parvimonas_micra,0.6547,1.0,0.3453
195,s__Faecalicoccus_pleomorphus,1.0,0.6465,0.3535
365,s__Yokenella_regensburgei,0.6379,1.0,0.3621
248,s__Libanicoccus_massiliensis,1.0,0.6379,0.3621
108,s__Candidatus_Gastranaerophilales_bacterium_MH_37,0.6379,1.0,0.3621
125,s__Clostridium_clostridioforme_CAG_511,0.6379,1.0,0.3621
63,s__Bacteroides_sp._CAG_98,1.0,0.6379,0.3621
260,s__Odoribacter_splanchnicus_CAG_14,1.0,0.6379,0.3621
112,s__Christensenellaceae_bacterium_Phil1,0.6355,1.0,0.3645
278,s__Paraprevotella_clara_CAG_116,0.6355,1.0,0.3645
307,s__Roseburia_faecis,0.6355,1.0,0.3645
68,s__Bacteroides_thetaiotaomicron_CAG_40,0.6355,1.0,0.3645
282,s__Prevotella_bivia,1.0,0.6355,0.3645
190,s__Eubacterium_sp._3_1_31,0.6355,1.0,0.3645
258,s__Odoribacter_sp._43_10,1.0,0.6355,0.3645
191,s__Eubacterium_sp._ER2,1.0,0.6355,0.3645
270,s__Paraprevotella_clara_CAG_116,1.0,0.6355,0.3645
70,s__Bacteroides_vulgatus,0.6355,1.0,0.3645
316,s__Ruthenibacterium_lactatiformans,1.0,0.6355,0.3645
267,s__Odoribacter_splanchnicus,0.6355,1.0,0.3645
384,s__[Eubacterium]_eligens,0.6355,1.0,0.3645
111,s__Citrobacter_amalonaticus,1.0,0.6355,0.3645
252,s__Lactonifactor_longoviformis,0.6355,1.0,0.3645
374,s__[Clostridium]_leptum,0.6355,1.0,0.3645
222,s__Holdemania_massiliensis,0.6355,1.0,0.3645
67,s__Bacteroides_thetaiotaomicron_CAG_40,1.0,0.6355,0.3645
364,s__[Clostridium]_saccharolyticum,1.0,0.6355,0.3645
100,s__Butyricicoccus_desmolans,1.0,0.6355,0.3645
194,s__Eubacterium_sp._CAG_251,0.6002,1.0,0.3998
328,s__Streptococcus_gallolyticus,1.0,0.6002,0.3998
275,s__Peptostreptococcaceae_bacterium_VA2,1.0,0.6002,0.3998
125,s__Clostridium_nexile_CAG_348,1.0,0.594,0.406
87,s__Bifidobacterium_stellenboschense,1.0,0.594,0.406
128,s__Clostridium_sp._CAG_245_30_32,1.0,0.594,0.406
276,s__Phascolarctobacterium_sp._CAG_207,1.0,0.5937,0.4063
23,s__Alistipes_indistinctus,1.0,0.5937,0.4063
9,s__Actinomyces_sp._oral_taxon_181,1.0,0.5937,0.4063
207,s__Firmicutes_bacterium_CAG_272_52_7,0.593,1.0,0.407
203,s__Firmicutes_bacterium_CAG_272_52_7,1.0,0.593,0.407
335,s__Stomatobaculum_longum,0.5879,1.0,0.4121
156,s__Criibacterium_bergeronii,0.5879,1.0,0.4121
12,s__Akkermansia_muciniphila,1.0,0.5879,0.4121
278,s__Phocea_massiliensis,1.0,0.5879,0.4121
257,s__Neglecta_timonensis,1.0,0.5879,0.4121
324,s__Ruminococcus_torques_CAG_61,0.5879,1.0,0.4121
259,s__Odoribacter_splanchnicus,1.0,0.5879,0.4121
97,s__Blautia_sp._CAG_37,1.0,0.5879,0.4121
221,s__Holdemania_filiformis,0.5879,1.0,0.4121
319,s__Ruminococcus_obeum_CAG_39,0.5879,1.0,0.4121
373,s__[Eubacterium]_rectale,1.0,0.5879,0.4121
180,s__Erysipelotrichaceae_bacterium_I46,1.0,0.5879,0.4121
163,s__Dorea_longicatena,1.0,0.5879,0.4121
323,s__Solobacterium_moorei,1.0,0.5879,0.4121
216,s__Holdemanella_biformis,1.0,0.5879,0.4121
341,s__Streptococcus_thermophilus,1.0,0.5879,0.4121
270,s__Oscillibacter_sp._ER4,0.5879,1.0,0.4121
96,s__Blautia_schinkii,0.5879,1.0,0.4121
140,s__Clostridium_sp._M62/1,1.0,0.5879,0.4121
311,s__Ruminococcus_sp._AT10,1.0,0.5879,0.4121
338,s__Streptococcus_salivarius,1.0,0.5879,0.4121
245,s__Lactonifactor_longoviformis,1.0,0.5879,0.4121
27,s__Alistipes_shahii,0.5879,1.0,0.4121
102,s__Butyricicoccus_pullicaecorum,0.5879,1.0,0.4121
219,s__Holdemania_sp._Marseille-P2844,1.0,0.5879,0.4121
253,s__Leclercia_adecarboxylata,0.5829,1.0,0.4171
375,s__[Clostridium]_methylpentosum,0.5829,1.0,0.4171
256,s__Murdochiella_sp._Marseille-P2341,1.0,0.5829,0.4171
204,s__Firmicutes_bacterium_CAG_308,1.0,0.5754,0.4246
223,s__Holdemania_sp._Marseille-P2844,0.5417,1.0,0.4583
291,s__Prevotella_bivia,0.5417,1.0,0.4583
141,s__Clostridium_sp._SY8519,1.0,0.5417,0.4583
330,s__Streptococcus_infantis,1.0,0.5417,0.4583
320,s__Ruminococcus_sp._AT10,0.5417,1.0,0.4583
239,s__Lachnospiraceae_bacterium_TF01-11,1.0,0.5417,0.4583
32,s__Anaerostipes_caccae,0.5417,1.0,0.4583
219,s__Hespellia_stercorisuis,0.5417,1.0,0.4583
155,s__Coprococcus_sp._HPP0048,0.5417,1.0,0.4583
118,s__Clostridiales_bacterium_1_7_47FAA,1.0,0.5417,0.4583
366,s__[Bacteroides]_pectinophilus,0.5417,1.0,0.4583
21,s__Alistipes_finegoldii,1.0,0.5417,0.4583
268,s__Parabacteroides_johnsonii,1.0,0.5417,0.4583
27,s__Alistipes_shahii,1.0,0.5417,0.4583
0,s__Acetivibrio_ethanolgignens,1.0,0.5417,0.4583
353,s__[Bacteroides]_pectinophilus,1.0,0.5417,0.4583
370,s__[Eubacterium]_dolichum,1.0,0.5417,0.4583
305,s__Ruminococcus_bicirculans,1.0,0.5417,0.4583
317,s__Ruminococcus_faecis,0.5417,1.0,0.4583
271,s__Paraprevotella_xylaniphila,1.0,0.5417,0.4583
210,s__Firmicutes_bacterium_CAG_466,0.5337,1.0,0.4663
284,s__Phascolarctobacterium_sp._CAG_207,0.5337,1.0,0.4663
301,s__Proteobacteria_bacterium_CAG_139,0.5337,1.0,0.4663
189,s__Eubacterium_sp._14-2,0.5335,1.0,0.4665
171,s__Eggerthella_sp._YY7918,0.5303,1.0,0.4697
322,s__Ruminococcus_sp._CAG_60,0.5303,1.0,0.4697
345,s__Trabulsiella_odontotermitis,1.0,0.5303,0.4697
175,s__Enterobacter_lignolyticus,0.5301,1.0,0.4699
117,s__Clostridia_bacterium_UC5.1-1C12,0.5282,1.0,0.4718
143,s__Collinsella_intestinalis,1.0,0.5147,0.4853
198,s__Firmicutes_bacterium_CAG_137_57_8,1.0,0.5147,0.4853
83,s__Bifidobacterium_gallinarum,0.5002,1.0,0.4998
82,s__Bifidobacterium_gallinarum,1.0,0.5002,0.4998
111,s__Cellulomonas_flavigena,0.499,1.0,0.501
221,s__Intestinibacter_bartlettii,1.0,0.499,0.501
148,s__Collinsella_stercoris,0.499,1.0,0.501
223,s__Intestinimonas_massiliensis,1.0,0.4973,0.5027
40,s__Bacteroidales_bacterium_55_9,0.4973,1.0,0.5027
280,s__Prevotella_amnii,1.0,0.4973,0.5027
318,s__Ruminococcus_lactaris,0.4973,1.0,0.5027
315,s__Ruminococcus_callidus,0.4973,1.0,0.5027
369,s__[Eubacterium]_contortum,1.0,0.4973,0.5027
195,s__Eubacterium_sp._ER2,0.4973,1.0,0.5027
365,s__[Clostridium]_scindens,1.0,0.4973,0.5027
36,s__Angelakisella_massiliensis,0.4973,1.0,0.5027
180,s__Erysipelotrichaceae_bacterium_21_3,0.4973,1.0,0.5027
11,s__Adlercreutzia_equolifaciens,0.4973,1.0,0.5027
76,s__Bifidobacterium_aesculapii,0.4838,1.0,0.5162
81,s__Bifidobacterium_callitrichos,0.4838,1.0,0.5162
81,s__Bifidobacterium_dentium,1.0,0.4838,0.5162
80,s__Bifidobacterium_callitrichos,1.0,0.4838,0.5162
331,s__Streptococcus_intermedius,1.0,0.4838,0.5162
227,s__Kluyvera_ascorbata,1.0,0.4802,0.5198
230,s__Kosakonia_sacchari,1.0,0.4802,0.5198
29,s__Alistipes_timonensis,1.0,0.4802,0.5198
288,s__Prevotella_sp._S7_MS_2,1.0,0.4802,0.5198
255,s__Methanobrevibacter_smithii_CAG_186,1.0,0.4802,0.5198
103,s__Butyricimonas_synergistica,1.0,0.4769,0.5231
133,s__Clostridium_sp._CAG_505,0.4769,1.0,0.5231
193,s__Eubacterium_sp._CAG_180,0.4769,1.0,0.5231
213,s__Firmicutes_bacterium_CAG_94,0.4769,1.0,0.5231
131,s__Clostridium_sp._CAG_505,1.0,0.4769,0.5231
41,s__Bacteroidales_bacterium_K10,0.4652,1.0,0.5348
113,s__Cloacibacillus_evryensis,1.0,0.4631,0.5369
115,s__Cloacibacillus_evryensis,0.4631,1.0,0.5369
355,s__Synergistes_sp._3_1_syn1,0.4631,1.0,0.5369
185,s__Escherichia_vulneris,0.4631,1.0,0.5369
339,s__Streptococcus_gallolyticus,0.4631,1.0,0.5369
344,s__Synergistes_sp._3_1_syn1,1.0,0.4631,0.5369
298,s__Prevotella_stercorea,0.4548,1.0,0.5452
330,s__Shigella_dysenteriae,0.4548,1.0,0.5452
7,s__Actinomyces_odontolyticus,0.4548,1.0,0.5452
183,s__Erysipelotrichaceae_bacterium_I46,0.4548,1.0,0.5452
217,s__Gordonibacter_pamelaeae,0.4548,1.0,0.5452
228,s__Johnsonella_ignava,0.4548,1.0,0.5452
22,s__Alistipes_ihumii,0.4548,1.0,0.5452
70,s__Bacteroides_vulgatus_CAG_6,1.0,0.4548,0.5452
122,s__Clostridioides_difficile,0.4548,1.0,0.5452
164,s__Dorea_sp._42_8,1.0,0.4548,0.5452
308,s__Ruminococcus_faecis,1.0,0.4548,0.5452
69,s__Bacteroides_vulgatus,1.0,0.4548,0.5452
389,s__[Ruminococcus]_torques,0.4548,1.0,0.5452
208,s__Firmicutes_bacterium_CAG_83,1.0,0.4548,0.5452
205,s__Firmicutes_bacterium_CAG_24,0.4548,1.0,0.5452
269,s__Oscillibacter_sp._57_20,0.4548,1.0,0.5452
52,s__Bacteroides_fluxus,0.4548,1.0,0.5452
373,s__[Clostridium]_lactatifermentans,0.4548,1.0,0.5452
233,s__Lachnospiraceae_bacterium_28-4,1.0,0.4548,0.5452
215,s__Fournierella_massiliensis,0.4548,1.0,0.5452
349,s__Turicibacter_sp._H121,1.0,0.4413,0.5587
140,s__Clostridium_sp._KLE_1755,0.4328,1.0,0.5672
292,s__Proteobacteria_bacterium_CAG_139,1.0,0.4236,0.5764
189,s__Eubacterium_sp._CAG_180,1.0,0.4236,0.5764
206,s__Firmicutes_bacterium_CAG_466,1.0,0.4236,0.5764
23,s__Alistipes_indistinctus,0.4236,1.0,0.5764
105,s__Butyrivibrio_crossotus,1.0,0.4143,0.5857
385,s__[Eubacterium]_hallii,0.4143,1.0,0.5857
141,s__Clostridium_sp._L2-50,0.4143,1.0,0.5857
304,s__Ruminococcaceae_bacterium_D16,1.0,0.4143,0.5857
51,s__Bacteroides_fluxus,1.0,0.4143,0.5857
293,s__Pseudoflavonifractor_capillosus,1.0,0.4143,0.5857
331,s__Shigella_flexneri,0.4143,1.0,0.5857
119,s__Clostridiales_bacterium_VE202-08,1.0,0.4143,0.5857
152,s__Coprococcus_eutactus,0.4143,1.0,0.5857
308,s__Roseburia_hominis,0.4143,1.0,0.5857
106,s__Butyrivibrio_crossotus,0.4143,1.0,0.5857
287,s__Prevotella_sp._S7-1-8,1.0,0.4143,0.5857
103,s__Butyricicoccus_sp._K4410.MGS-46,0.4143,1.0,0.5857
343,s__Streptococcus_mitis,0.4143,1.0,0.5857
184,s__Escherichia_coli,0.4143,1.0,0.5857
46,s__Bacteroides_dorei_CAG_222,1.0,0.4143,0.5857
271,s__Oscillibacter_sp._KLE_1745,0.4143,1.0,0.5857
166,s__Dorea_sp._CAG_105,1.0,0.4008,0.5992
362,s__Veillonella_parvula,0.4008,1.0,0.5992
37,s__Atlantibacter_hermannii,0.398,1.0,0.602
175,s__Enterorhabdus_mucosicola,1.0,0.398,0.602
85,s__Bifidobacterium_saguini,1.0,0.398,0.602
109,s__Cellulomonas_flavigena,1.0,0.398,0.602
281,s__Parasutterella_excrementihominis_CAG_233,0.3882,1.0,0.6118
4,s__Acinetobacter_sp._N54.MGS-139,0.3882,1.0,0.6118
135,s__Clostridium_sp._CAG_91,1.0,0.3882,0.6118
96,s__Blautia_sp._CAG_237,1.0,0.3882,0.6118
280,s__Parasutterella_excrementihominis,0.3882,1.0,0.6118
137,s__Clostridium_sp._CAG_91,0.3882,1.0,0.6118
4,s__Acinetobacter_sp._N54.MGS-139,1.0,0.3882,0.6118
173,s__Enterobacter_lignolyticus,1.0,0.3882,0.6118
294,s__Raoultella_ornithinolytica,1.0,0.3882,0.6118
235,s__Kosakonia_sacchari,0.388,1.0,0.612
263,s__Methanobrevibacter_smithii_CAG_186,0.3875,1.0,0.6125
256,s__Libanicoccus_massiliensis,0.3873,1.0,0.6127
177,s__Enterorhabdus_caecimuris,0.3863,1.0,0.6137
257,s__Massilioclostridium_coli,0.3757,1.0,0.6243
363,s__[Clostridium]_saccharogumia,1.0,0.3757,0.6243
225,s__Klebsiella_oxytoca,1.0,0.3757,0.6243
35,s__Anaerotruncus_sp._G3(2012),1.0,0.3757,0.6243
269,s__Parabacteroides_merdae_CAG_48,1.0,0.3757,0.6243
276,s__Parabacteroides_johnsonii,0.3757,1.0,0.6243
370,s__[Clostridium]_clostridioforme,0.3757,1.0,0.6243
277,s__Phascolarctobacterium_succinatutens,1.0,0.3757,0.6243
48,s__Bacteroides_faecichinchillae,0.3757,1.0,0.6243
198,s__Faecalibacterium_sp._CAG_82-related_59_9,0.3757,1.0,0.6243
284,s__Prevotella_corporis,1.0,0.3757,0.6243
34,s__Anaerotruncus_colihominis,1.0,0.3757,0.6243
182,s__Erysipelotrichaceae_bacterium_CAG_64,0.3757,1.0,0.6243
135,s__Clostridium_sp._CAG_62_40_43,0.3739,1.0,0.6261
159,s__Dialister_invisus,1.0,0.3465,0.6535
272,s__Pantoea_sp._PSNIH2,0.3465,1.0,0.6535
160,s__Dialister_invisus_CAG_218,1.0,0.3465,0.6535
110,s__Cedecea_neteri,0.3454,1.0,0.6546
129,s__Clostridium_sp._CAG_299,1.0,0.3454,0.6546
186,s__Eubacterium_dolichum_CAG_375,0.3452,1.0,0.6548
182,s__Eubacterium_dolichum_CAG_375,1.0,0.3452,0.6548
357,s__Traorella_massiliensis,0.3396,1.0,0.6604
261,s__Oscillibacter_sp._57_20,1.0,0.3396,0.6604
47,s__Bacteroides_dorei_CAG_222,0.3396,1.0,0.6604
226,s__Intestinimonas_butyriciproducens,0.3396,1.0,0.6604
309,s__Ruminococcus_lactaris,1.0,0.3396,0.6604
158,s__Culturomica_massiliensis,0.3396,1.0,0.6604
216,s__Fusicatenibacter_saccharivorans,0.3396,1.0,0.6604
25,s__Alistipes_putredinis,1.0,0.3396,0.6604
33,s__Anaerostipes_hadrus,1.0,0.3396,0.6604
317,s__Salmonella_enterica,1.0,0.3396,0.6604
212,s__Firmicutes_bacterium_CAG_83,0.3396,1.0,0.6604
209,s__Firmicutes_bacterium_CAG_41,0.3396,1.0,0.6604
142,s__Clostridium_sp._M62/1,0.3396,1.0,0.6604
351,s__Veillonella_parvula,1.0,0.327,0.673
251,s__Megasphaera_genomosp._type_1,1.0,0.327,0.673
127,s__Clostridium_sp._CAG_138,1.0,0.327,0.673
129,s__Clostridium_sp._CAG_138,0.327,1.0,0.673
75,s__Bifidobacterium_aesculapii,1.0,0.327,0.673
78,s__Bifidobacterium_biavatii,0.3264,1.0,0.6736
302,s__Rothia_dentocariosa,1.0,0.3173,0.6827
6,s__Actinomyces_johnsonii,1.0,0.3173,0.6827
249,s__Lactobacillus_rhamnosus,0.3173,1.0,0.6827
6,s__Actinomyces_johnsonii,0.3173,1.0,0.6827
243,s__Lactobacillus_rhamnosus,1.0,0.3173,0.6827
311,s__Rothia_dentocariosa,0.3173,1.0,0.6827
199,s__Firmicutes_bacterium_CAG_145,1.0,0.3139,0.6861
290,s__Prevotella_timonensis,1.0,0.3078,0.6922
30,s__Alloprevotella_tannerae,1.0,0.3078,0.6922
254,s__Methanobrevibacter_smithii,1.0,0.3078,0.6922
2,s__Acidaminococcus_intestini,0.3078,1.0,0.6922
262,s__Methanobrevibacter_smithii,0.3078,1.0,0.6922
273,s__Parabacteroides_distasonis,0.3054,1.0,0.6946
147,s__Coprobacillus_sp._D6,1.0,0.3054,0.6946
277,s__Parabacteroides_merdae_CAG_48,0.3054,1.0,0.6946
139,s__Clostridium_sp._L2-50,1.0,0.3054,0.6946
275,s__Parabacteroides_gordonii,0.3054,1.0,0.6946
91,s__Blautia_hydrogenotrophica,1.0,0.3054,0.6946
297,s__Rikenella_microfusus,1.0,0.3054,0.6946
72,s__Barnesiella_intestinihominis,1.0,0.3054,0.6946
289,s__Prevotella_stercorea,1.0,0.3054,0.6946
361,s__Tyzzerella_nexilis,0.3054,1.0,0.6946
371,s__[Eubacterium]_eligens,1.0,0.3054,0.6946
372,s__[Eubacterium]_hallii,1.0,0.3054,0.6946
279,s__Porphyromonas_somerae,1.0,0.3054,0.6946
354,s__Subdoligranulum_variabile,0.3054,1.0,0.6946
356,s__[Clostridium]_citroniae,1.0,0.3054,0.6946
54,s__Bacteroides_neonati,1.0,0.3054,0.6946
124,s__Clostridium_clostridioforme_CAG_132,0.2894,1.0,0.7106
176,s__Enterobacter_sp._638,0.2885,1.0,0.7115
350,s__Streptococcus_sanguinis,0.2858,1.0,0.7142
8,s__Actinomyces_oris,1.0,0.285,0.715
248,s__Lactobacillus_paraplantarum,0.285,1.0,0.715
92,s__Blautia_hydrogenotrophica_CAG_147,1.0,0.2845,0.7155
84,s__Bifidobacterium_reuteri,1.0,0.2845,0.7155
346,s__Streptococcus_parasanguinis,0.2734,1.0,0.7266
380,s__[Clostridium]_symbiosum,0.2734,1.0,0.7266
56,s__Bacteroides_oleiciplenus,0.2734,1.0,0.7266
153,s__Coprococcus_sp._HPP0048,1.0,0.2734,0.7266
302,s__Pseudoflavonifractor_capillosus,0.2734,1.0,0.7266
156,s__Culturomica_massiliensis,1.0,0.2734,0.7266
296,s__Prevotella_sp._S7-1-8,0.2734,1.0,0.7266
294,s__Prevotella_disiens,0.2734,1.0,0.7266
47,s__Bacteroides_faecichinchillae,1.0,0.2734,0.7266
319,s__Sellimonas_intestinalis,1.0,0.2734,0.7266
291,s__Prevotellamassilia_timonensis,1.0,0.2734,0.7266
112,s__Citrobacter_freundii,1.0,0.2734,0.7266
194,s__Faecalibacterium_sp._CAG_82-related_59_9,1.0,0.2734,0.7266
134,s__Clostridium_sp._CAG_81,1.0,0.2734,0.7266
314,s__Ruminococcus_bicirculans,0.2734,1.0,0.7266
15,s__Akkermansia_sp._CAG_344,1.0,0.2734,0.7266
328,s__Sellimonas_intestinalis,0.2734,1.0,0.7266
378,s__[Clostridium]_scindens,0.2734,1.0,0.7266
300,s__Roseburia_intestinalis,1.0,0.2734,0.7266
289,s__Prevotella_amnii,0.2721,1.0,0.7279
3,s__Acidaminococcus_intestini_CAG_325,0.2721,1.0,0.7279
97,s__Blautia_sp._CAG_237,0.2721,1.0,0.7279
259,s__Megasphaera_genomosp._type_1,0.262,1.0,0.738
202,s__Firmicutes_bacterium_CAG_137_57_8,0.2604,1.0,0.7396
87,s__Bifidobacterium_scardovii,0.2604,1.0,0.7396
88,s__Bifidobacterium_stellenboschense,0.2604,1.0,0.7396
131,s__Clostridium_sp._CAG_299,0.2489,1.0,0.7511
244,s__Lactococcus_lactis,1.0,0.2489,0.7511
45,s__Bacteroides_coprocola,0.2439,1.0,0.7561
285,s__Prevotella_disiens,1.0,0.2439,0.7561
369,s__[Clostridium]_citroniae,0.2439,1.0,0.7561
167,s__Drancourtella_massiliensis,1.0,0.2439,0.7561
100,s__Blautia_sp._KLE_1732,0.2439,1.0,0.7561
267,s__Parabacteroides_gordonii,1.0,0.2439,0.7561
66,s__Bacteroides_stercoris,0.2439,1.0,0.7561
45,s__Bacteroides_coprophilus,1.0,0.2439,0.7561
296,s__Riemerella_columbina,1.0,0.2439,0.7561
300,s__Prevotellamassilia_timonensis,0.2439,1.0,0.7561
376,s__[Clostridium]_saccharogumia,0.2439,1.0,0.7561
238,s__Lachnospiraceae_bacterium_28-4,0.2439,1.0,0.7561
162,s__Dorea_formicigenerans,1.0,0.2439,0.7561
202,s__Firmicutes_bacterium_CAG_270,1.0,0.2411,0.7589
123,s__Clostridium_clostridioforme_CAG_511,1.0,0.2393,0.7607
147,s__Collinsella_sp._MS5,0.2393,1.0,0.7607
64,s__Bacteroides_sp._CAG_98,0.2393,1.0,0.7607
122,s__Clostridium_clostridioforme_CAG_132,1.0,0.2393,0.7607
232,s__Kluyvera_ascorbata,0.2393,1.0,0.7607
197,s__Firmicutes_bacterium_CAG_137,1.0,0.2367,0.7633
86,s__Bifidobacterium_saguini,0.2367,1.0,0.7633
183,s__Eubacterium_limosum,1.0,0.2249,0.7751
325,s__Streptococcus_agalactiae,1.0,0.2249,0.7751
136,s__Clostridium_sp._CAG_81,0.2163,1.0,0.7837
67,s__Bacteroides_thetaiotaomicron,0.2163,1.0,0.7837
325,s__Ruthenibacterium_lactatiformans,0.2163,1.0,0.7837
15,s__Akkermansia_sp._CAG_344,0.2163,1.0,0.7837
11,s__Adlercreutzia_equolifaciens,1.0,0.2163,0.7837
41,s__Bacteroides_barnesiae,1.0,0.2163,0.7837
292,s__Prevotella_buccalis,0.2163,1.0,0.7837
71,s__Bariatricus_massiliensis,1.0,0.2163,0.7837
178,s__Erysipelotrichaceae_bacterium_5_2_54FAA,1.0,0.2163,0.7837
55,s__Bacteroides_oleiciplenus,1.0,0.2163,0.7837
186,s__Eubacterium_sp._3_1_31,1.0,0.2163,0.7837
130,s__Clostridium_sp._CAG_245_30_32,0.2135,1.0,0.7865
76,s__Bifidobacterium_angulatum,1.0,0.2132,0.7868
144,s__Collinsella_aerofaciens,0.2094,1.0,0.7906
60,s__Bacteroides_salanitronis,1.0,0.2094,0.7906
94,s__Blautia_producta,1.0,0.2094,0.7906
234,s__Kluyvera_intermedia,0.2094,1.0,0.7906
220,s__Hungatella_hathewayi,1.0,0.1909,0.8091
169,s__Drancourtella_massiliensis,0.1909,1.0,0.8091
49,s__Bacteroides_finegoldii,1.0,0.1909,0.8091
44,s__Bacteroides_coprocola,1.0,0.1909,0.8091
113,s__Citrobacter_amalonaticus,0.1909,1.0,0.8091
58,s__Bacteroides_plebeius,1.0,0.1909,0.8091
50,s__Bacteroides_finegoldii_CAG_203,1.0,0.1909,0.8091
298,s__Roseburia_faecis,1.0,0.1909,0.8091
358,s__[Clostridium]_glycyrrhizinilyticum,1.0,0.1909,0.8091
293,s__Prevotella_corporis,0.1909,1.0,0.8091
288,s__Porphyromonas_somerae,0.1909,1.0,0.8091
236,s__Lachnoanaerobaculum_sp._OBRC5-5,0.1909,1.0,0.8091
66,s__Bacteroides_thetaiotaomicron,1.0,0.1909,0.8091
244,s__Lachnospiraceae_bacterium_TF01-11,0.1909,1.0,0.8091
229,s__Kluyvera_intermedia,1.0,0.1823,0.8177
146,s__Collinsella_sp._CAG_166,0.1823,1.0,0.8177
2,s__Acidaminococcus_intestini,1.0,0.1823,0.8177
299,s__Prevotella_timonensis,0.1823,1.0,0.8177
59,s__Bacteroides_pyogenes,1.0,0.1823,0.8177
233,s__Kluyvera_cryocrescens,0.1823,1.0,0.8177
3,s__Acidaminococcus_intestini_CAG_325,1.0,0.1823,0.8177
104,s__Butyricimonas_virosa,1.0,0.1823,0.8177
79,s__Bifidobacterium_breve,1.0,0.1823,0.8177
30,s__Alloprevotella_tannerae,0.1822,1.0,0.8178
356,s__Trabulsiella_odontotermitis,0.1814,1.0,0.8186
31,s__Alloscardovia_omnicolens,0.1797,1.0,0.8203
347,s__Streptococcus_pseudoporcinus,0.1797,1.0,0.8203
31,s__Alloscardovia_omnicolens,1.0,0.1797,0.8203
336,s__Streptococcus_pseudoporcinus,1.0,0.1797,0.8203
251,s__Lactococcus_lactis,0.173,1.0,0.827
297,s__Prevotella_sp._S7_MS_2,0.1696,1.0,0.8304
93,s__Blautia_hydrogenotrophica_CAG_147,0.1688,1.0,0.8312
345,s__Streptococcus_oralis,0.168,1.0,0.832
10,s__Actinomyces_sp._ph3,0.168,1.0,0.832
51,s__Bacteroides_finegoldii_CAG_203,0.1677,1.0,0.8323
65,s__Bacteroides_stercoris,1.0,0.1677,0.8323
50,s__Bacteroides_finegoldii,0.1677,1.0,0.8323
59,s__Bacteroides_plebeius,0.1677,1.0,0.8323
210,s__Flavonifractor_plautii,1.0,0.1677,0.8323
46,s__Bacteroides_coprophilus,0.1677,1.0,0.8323
326,s__Salmonella_enterica,0.1677,1.0,0.8323
166,s__Dorea_sp._42_8,0.1677,1.0,0.8323
274,s__Parabacteroides_goldsteinii,0.1579,1.0,0.8421
148,s__Coprobacter_secundus,1.0,0.1579,0.8421
153,s__Coprococcus_sp._43_8,0.1578,1.0,0.8422
105,s__Butyricimonas_virosa,0.1549,1.0,0.8451
77,s__Bifidobacterium_angulatum,0.1547,1.0,0.8453
85,s__Bifidobacterium_reuteri,0.1533,1.0,0.8467
350,s__Tyzzerella_nexilis,1.0,0.1465,0.8535
157,s__Cronobacter_sakazakii,0.1465,1.0,0.8535
205,s__Firmicutes_bacterium_CAG_41,1.0,0.1465,0.8535
258,s__Mediterranea_massiliensis,0.1465,1.0,0.8535
357,s__[Clostridium]_clostridioforme,1.0,0.1465,0.8535
367,s__[Clostridium]_symbiosum,1.0,0.1465,0.8535
214,s__Flavonifractor_plautii,0.1465,1.0,0.8535
68,s__Bacteroides_uniformis,1.0,0.1465,0.8535
73,s__Barnesiella_viscericola,1.0,0.1465,0.8535
303,s__Rothia_mucilaginosa,1.0,0.1441,0.8559
312,s__Rothia_mucilaginosa,0.1441,1.0,0.8559
174,s__Enterorhabdus_caecimuris,1.0,0.1394,0.8606
145,s__Collinsella_intestinalis,0.1386,1.0,0.8614
203,s__Firmicutes_bacterium_CAG_145,0.1383,1.0,0.8617
187,s__Eubacterium_limosum,0.138,1.0,0.862
272,s__Parasutterella_excrementihominis,1.0,0.1361,0.8639
273,s__Parasutterella_excrementihominis_CAG_233,1.0,0.1361,0.8639
167,s__Dorea_sp._5-2,0.1361,1.0,0.8639
254,s__Lelliottia_amnigena,0.1361,1.0,0.8639
61,s__Bacteroides_salanitronis,0.1361,1.0,0.8639
60,s__Bacteroides_pyogenes,0.1361,1.0,0.8639
35,s__Anaerotruncus_sp._G3(2012),0.1307,1.0,0.8693
227,s__Intestinimonas_massiliensis,0.1272,1.0,0.8728
234,s__Lachnospiraceae_bacterium_2_1_46FAA,1.0,0.1272,0.8728
118,s__Clostridia_bacterium_UC5.1-1D1,0.1272,1.0,0.8728
250,s__Mediterranea_massiliensis,1.0,0.1272,0.8728
184,s__Eubacterium_ramulus,1.0,0.1272,0.8728
372,s__[Clostridium]_innocuum,0.1272,1.0,0.8728
352,s__Veillonella_sp._CAG_933,1.0,0.1235,0.8765
266,s__Parabacteroides_goldsteinii,1.0,0.1167,0.8833
150,s__Coprobacter_secundus,0.1167,1.0,0.8833
281,s__Prevotella_baroniae,1.0,0.1167,0.8833
329,s__Senegalimassilia_anaerobia,0.1165,1.0,0.8835
132,s__Clostridium_sp._CAG_352,0.1165,1.0,0.8835
62,s__Bacteroides_sp._43_46,1.0,0.1099,0.8901
173,s__Emergencia_timonensis,0.1099,1.0,0.8901
52,s__Bacteroides_fragilis,1.0,0.1099,0.8901
352,s__Streptococcus_thermophilus,0.1099,1.0,0.8901
80,s__Bifidobacterium_breve,0.1095,1.0,0.8905
255,s__Levyella_massiliensis,0.1088,1.0,0.8912
247,s__Levyella_massiliensis,1.0,0.1088,0.8912
5,s__Actinomyces_graevenitzii,1.0,0.1088,0.8912
8,s__Actinomyces_oris,0.1088,1.0,0.8912
5,s__Actinomyces_graevenitzii,0.1088,1.0,0.8912
358,s__Trueperella_pyogenes,0.0998,1.0,0.9002
123,s__Clostridium_bolteae_CAG_59,0.0995,1.0,0.9005
181,s__Escherichia_coli,1.0,0.0942,0.9058
322,s__Shigella_flexneri,1.0,0.0942,0.9058
321,s__Shigella_dysenteriae,1.0,0.0942,0.9058
69,s__Bacteroides_uniformis,0.0942,1.0,0.9058
151,s__Coprococcus_comes,0.0942,1.0,0.9058
92,s__Blautia_hydrogenotrophica,0.0942,1.0,0.9058
42,s__Bacteroides_caccae_CAG_21,1.0,0.0942,0.9058
286,s__Prevotella_sp._109,1.0,0.0942,0.9058
306,s__Rikenella_microfusus,0.0942,1.0,0.9058
44,s__Bacteroides_cellulosilyticus,0.0942,1.0,0.9058
82,s__Bifidobacterium_dentium,0.0929,1.0,0.9071
342,s__Streptococcus_intermedius,0.0925,1.0,0.9075
379,s__[Clostridium]_spiroforme,0.0916,1.0,0.9084
1,s__Acidaminococcus_fermentans,1.0,0.091,0.909
201,s__Firmicutes_bacterium_CAG_137,0.091,1.0,0.909
381,s__[Enterobacter]_aerogenes,0.0844,1.0,0.9156
121,s__Clostridium_bolteae_CAG_59,1.0,0.0844,0.9156
83,s__Bifidobacterium_longum,1.0,0.0844,0.9156
9,s__Actinomyces_sp._oral_taxon_181,0.0827,1.0,0.9173
74,s__Barnesiella_viscericola,0.0803,1.0,0.9197
367,s__[Clostridium]_asparagiforme,0.0803,1.0,0.9197
53,s__Bacteroides_fragilis,0.0803,1.0,0.9197
314,s__Ruminococcus_sp._Zagget7,1.0,0.0803,0.9197
55,s__Bacteroides_neonati,0.0803,1.0,0.9197
310,s__Roseburia_inulinivorans,0.0803,1.0,0.9197
333,s__Siccibacter_turicensis,0.0749,1.0,0.9251
38,s__Azospirillum_sp._47_25,0.0747,1.0,0.9253
39,s__Azospirillum_sp._CAG_260,0.0747,1.0,0.9253
37,s__Azospirillum_sp._47_25,1.0,0.0747,0.9253
295,s__Rhodospirillum_sp._UNK.MGS-17,1.0,0.0747,0.9253
38,s__Azospirillum_sp._CAG_260,1.0,0.0747,0.9253
304,s__Rhodospirillum_sp._UNK.MGS-17,0.0747,1.0,0.9253
75,s__Bifidobacterium_adolescentis,0.0712,1.0,0.9288
174,s__Enterobacter_cloacae,0.0712,1.0,0.9288
229,s__Klebsiella_oxytoca,0.0681,1.0,0.9319
116,s__Clostridia_bacterium_UC5.1-1D1,1.0,0.0681,0.9319
305,s__Riemerella_columbina,0.0681,1.0,0.9319
42,s__Bacteroides_barnesiae,0.0681,1.0,0.9319
43,s__Bacteroides_caccae_CAG_21,0.0681,1.0,0.9319
63,s__Bacteroides_sp._43_46,0.0681,1.0,0.9319
196,s__Eubacterium_ventriosum,0.0681,1.0,0.9319
152,s__Coprococcus_sp._CAG_131,1.0,0.0679,0.9321
154,s__Coprococcus_sp._CAG_131,0.0679,1.0,0.9321
360,s__Turicibacter_sp._H121,0.0661,1.0,0.9339
353,s__Streptomyces_cattleya,0.0619,1.0,0.9381
53,s__Bacteroides_fragilis_CAG_47,1.0,0.0619,0.9381
169,s__Eggerthella_sp._YY7918,1.0,0.0597,0.9403
84,s__Bifidobacterium_longum,0.0597,1.0,0.9403
355,s__[Clostridium]_bolteae,1.0,0.0574,0.9426
283,s__Prevotella_buccalis,1.0,0.0574,0.9426
57,s__Bacteroides_ovatus,0.0574,1.0,0.9426
56,s__Bacteroides_ovatus,1.0,0.0574,0.9426
109,s__Catabacter_hongkongensis,0.0511,1.0,0.9489
74,s__Bifidobacterium_adolescentis,1.0,0.0499,0.9501
65,s__Bacteroides_sp._D2,0.0479,1.0,0.9521
18,s__Akkermansia_sp._KLE1798,1.0,0.0479,0.9521
17,s__Akkermansia_sp._KLE1797,1.0,0.0479,0.9521
16,s__Akkermansia_sp._KLE1605,1.0,0.0479,0.9521
388,s__[Ruminococcus]_gnavus,0.0479,1.0,0.9521
368,s__[Clostridium]_bolteae,0.0479,1.0,0.9521
160,s__Desulfovibrio_fairfieldensis,0.0431,1.0,0.9569
158,s__Desulfovibrio_fairfieldensis,1.0,0.0431,0.9569
252,s__Megasphaera_sp._UPII_135-E,1.0,0.0431,0.9569
260,s__Megasphaera_sp._UPII_135-E,0.0422,1.0,0.9578
318,s__Sanguibacteroides_justesenii,1.0,0.0414,0.9586
303,s__Raoultella_ornithinolytica,0.0414,1.0,0.9586
265,s__Parabacteroides_distasonis,1.0,0.0398,0.9602
64,s__Bacteroides_sp._D2,1.0,0.0398,0.9602
58,s__Bacteroides_ovatus_CAG_22,0.0398,1.0,0.9602
43,s__Bacteroides_cellulosilyticus,1.0,0.0398,0.9602
57,s__Bacteroides_ovatus_CAG_22,1.0,0.0398,0.9602
290,s__Prevotella_baroniae,0.0375,1.0,0.9625
230,s__Klebsiella_pneumoniae,0.0342,1.0,0.9658
295,s__Prevotella_sp._109,0.0266,1.0,0.9734
54,s__Bacteroides_fragilis_CAG_47,0.0262,1.0,0.9738
327,s__Sanguibacteroides_justesenii,0.0229,1.0,0.9771
93,s__Blautia_obeum,1.0,0.0215,0.9785
108,s__Catabacter_hongkongensis,1.0,0.018,0.982
61,s__Bacteroides_salyersiae,1.0,0.0171,0.9829
62,s__Bacteroides_salyersiae,0.0134,1.0,0.9866
359,s__Turicibacter_sanguinis,0.0117,1.0,0.9883
348,s__Turicibacter_sanguinis,1.0,0.0117,0.9883
354,s__[Clostridium]_asparagiforme,1.0,0.0081,0.9919
16,s__Akkermansia_sp._KLE1605,0.0061,1.0,0.9939
18,s__Akkermansia_sp._KLE1798,0.0046,1.0,0.9954
17,s__Akkermansia_sp._KLE1797,0.0046,1.0,0.9954
375,s__[Ruminococcus]_gnavus,1.0,0.0005,0.9995
